"","X","TimeCriteria","RecordID","Time","x","y","Label1","Label2","Label3","Label4","Planet","dis","rad","deg","postime","scorestate","biscorecounter","curstates","comstates","dis_trav"
"1",13,"1st Quarter",3,32,31,20,"Shot","Score","",NA,"mars",3,0,0,13,2,1,9,9.2,150.528579247836
"2",25,"1st Quarter",5,58,40,22,"Shot","Miss","",NA,"mars",10.295630140987,1.06369782240256,60.9453959009229,7,0,0,5,5,112.844868403598
"3",50,"1st Quarter",8,108,36,19,"Shot","Miss","",NA,"mars",5.3851648071345,1.19028994968253,68.1985905136482,21,0,0,10,10,213.468145433769
"4",62,"1st Quarter",10,137,39,37,"Shot","Score","",NA,"mars",21.540659228538,0.380506377112365,21.8014094863518,6,2,1,11,11.2,85.700284282383
"5",81,"1st Quarter",14,214,35,17,"Shot","Miss","",NA,"mars",4,1.5707963267949,90,6,0,0,9,9,84.1385710197754
"6",83,"1st Quarter",15,217,30,17,"Shot","Score","",NA,"mars",1,-1.5707963267949,-90,2,2,1,9,9.2,1.4142135623731
"7",120,"1st Quarter",19,318,13,29,"Shot","Score","",NA,"mars",21.6333076527839,-0.982793723247329,-56.3099324740202,10,2,1,6,6.2,128.308899227148
"8",145,"1st Quarter",22,388,49,27,"Shot","Miss","",NA,"mars",20.591260281974,1.06369782240256,60.9453959009229,12,0,0,5,5,131.850985493212
"9",155,"1st Quarter",24,413,25,39,"Shot","Miss","",NA,"mars",22.8035085019828,-0.266252049150925,-15.2551187030578,7,0,0,11,11,99.4380065389412
"10",159,"1st Quarter",25,445,27,17,"Shot","Miss","",NA,"mars",4,-1.5707963267949,-90,4,0,0,9,9,32.3150985839643
"11",161,"1st Quarter",26,449,26,39,"Shot","Miss","",NA,"mars",22.561028345357,-0.223476601140633,-12.8042660652868,2,0,0,11,11,17.2626765016321
"12",176,"1st Quarter",28,487,23,36,"Shot","Miss","",NA,"mars",20.6155281280883,-0.39852244566642,-22.8336541779175,9,0,0,11,11,143.274715954226
"13",202,"1st Quarter",30,547,47,23,"Shot","Score","",NA,"mars",17.0880074906351,1.21202565652432,69.4439547804165,22,2,1,3,3.2,192.344492759728
"14",220,"1st Quarter",33,656,37,37,"Shot","Score","",NA,"mars",20.8806130178211,0.291456794477867,16.6992442339936,17,2,1,11,11.2,131.82444195626
"15",237,"1st Quarter",35,724,52,19,"Shot","Miss","",NA,"mars",21.095023109729,1.47584462045214,84.5596679689945,15,0,0,3,3,167.251083978192
"16",256,"1st Quarter",38,806,44,32,"Shot","Miss","",NA,"mars",19.8494332412792,0.714090698612158,40.9143832200251,20,0,0,5,5,163.337879952655
"17",273,"1st Quarter",40,856,33,16,"Shot","Score","",NA,"mars",2.23606797749979,-1.10714871779409,-63.434948822922,13,2,1,10,10.2,172.510428628626
"18",291,"1st Quarter",42,922,29,21,"Shot","Score","",NA,"mars",4.47213595499958,-0.463647609000806,-26.565051177078,14,2,1,10,10.2,150.546079794199
"19",308,"1st Quarter",44,959,30,21,"Shot","Miss","",NA,"mars",4.12310562561766,-0.244978663126864,-14.0362434679265,16,0,0,10,10,164.37299659601
"20",310,"1st Quarter",45,985,35,20,"Shot","Miss","",NA,"mars",5,0.927295218001612,53.130102354156,3,0,0,10,10,17.8044938147649
"21",320,"1st Quarter",46,997,36,18,"Shot","Miss","",NA,"mars",5.09901951359278,1.37340076694502,78.6900675259798,9,0,0,10,10,80.0296399073782
"22",339,"2nd Quarter",48,22,19,35,"Shot","Miss","",NA,"mars",21.6333076527839,-0.588002603547568,-33.6900675259798,18,0,0,6,6,161.147125891446
"23",391,"2nd Quarter",55,202,33,19,"Shot","Miss","",NA,"mars",2.82842712474619,0.785398163397448,45,14,0,0,9,9,194.508185709241
"24",404,"2nd Quarter",57,233,32,39,"Shot","Score","",NA,"mars",22.0227155455452,0.045423279421577,2.60256220249981,15,2,1,11,11.2,163.124272451624
"25",417,"2nd Quarter",59,286,52,16,"Shot","Miss","",NA,"mars",21.0237960416286,-1.52321322351791,-87.2736890060937,13,0,0,10,10,124.918990334431
"26",425,"2nd Quarter",61,304,28,29,"Shot","Miss","",NA,"mars",12.369316876853,-0.244978663126864,-14.0362434679265,4,0,0,10,10,67.9763319433171
"27",438,"2nd Quarter",63,329,36,17,"Shot","Miss","",NA,"mars",5,1.5707963267949,90,12,0,0,10,10,96.3090042996058
"28",447,"2nd Quarter",65,352,18,27,"Shot","Miss","",NA,"mars",16.4012194668567,-0.91510070055336,-52.4314079711725,6,0,0,6,6,86.3313639309239
"29",457,"2nd Quarter",67,522,33,17,"Shot","Score","",NA,"mars",2,1.5707963267949,90,7,2,1,9,9.2,104.766159844583
"30",480,"2nd Quarter",71,576,34,34,"Shot","Miss","",NA,"mars",17.2626765016321,0.17467219900824,10.0079798014413,16,0,0,11,11,141.477569380416
"31",511,"2nd Quarter",76,682,24,25,"Shot","Miss","",NA,"mars",10.6301458127346,-0.718829999621625,-41.1859251657096,10,0,0,10,10,97.4008344372437
"32",577,"2nd Quarter",86,928,34,17,"Shot","Miss","",NA,"mars",3,1.5707963267949,90,5,0,0,9,9,90.2709721470295
"33",600,"2nd Quarter",88,962,34,26,"Shot","Miss","",NA,"mars",9.48683298050514,0.321750554396642,18.434948822922,16,0,0,10,10,188.540183422433
"34",608,"2nd Quarter",90,980,16,33,"Shot","Score","",NA,"mars",21.9317121994613,-0.753151280962194,-43.1523897340054,4,2,1,6,6.2,77.8372831770208
"35",677,"3rd Quarter",101,163,10,18,"Shot","Miss","",NA,"mars",21.0237960416286,-1.52321322351791,-87.2736890060937,16,0,0,4,4,178.621596649659
"36",701,"3rd Quarter",103,198,34,26,"Shot","Score","",NA,"mars",9.48683298050514,0.321750554396642,18.434948822922,13,2,1,10,10.2,187.52781211429
"37",820,"3rd Quarter",119,731,25,33,"Shot","Miss","",NA,"mars",17.0880074906351,-0.358770670270572,-20.5560452195835,21,0,0,11,11,249.100135867363
"38",835,"3rd Quarter",122,786,35,17,"Shot","Score","",NA,"mars",4,1.5707963267949,90,4,2,1,9,9.2,72.0238207529228
"39",847,"3rd Quarter",125,926,33,21,"Shot","Score","",NA,"mars",4.47213595499958,0.463647609000806,26.565051177078,9,2,1,10,10.2,96.7574410155212
"40",882,"3rd Quarter",131,1074,32,19,"Shot","Score","",NA,"mars",2.23606797749979,0.463647609000806,26.565051177078,5,2,1,9,9.2,121.580263277805
"41",914,"3rd Quarter",135,1213,52,20,"Shot","Score","",NA,"mars",21.2132034355964,1.42889927219073,81.869897645844,15,2,1,3,3.2,180.020821624941
"42",935,"4th Quarter",139,16,50,30,"Shot","Miss","",NA,"mars",23.0217288664427,0.970746113393143,55.6196552761551,13,0,0,5,5,84.196406121889
"43",937,"4th Quarter",141,25,28,18,"Shot","Score","",NA,"mars",3.16227766016838,-1.24904577239825,-71.565051177078,1,2,1,9,9.2,11.4017542509914
"44",963,"4th Quarter",144,85,10,16,"Shot","Miss","",NA,"mars",21.0237960416286,1.52321322351791,87.2736890060937,19,0,0,10,10,203.760580400815
"45",973,"4th Quarter",148,135,38,37,"Shot","Miss","",NA,"mars",21.1896201004171,0.336674819386727,19.2900462191887,6,0,0,11,11,94.1334185863399
"46",984,"4th Quarter",151,161,32,29,"Shot","Score","",NA,"mars",12.0415945787923,0.0831412318884412,4.76364169072618,7,2,1,10,10.2,109.802641730112
"47",1004,"4th Quarter",154,224,34,17,"Shot","Miss","",NA,"mars",3,1.5707963267949,90,18,0,0,9,9,202.219546020654
"48",1017,"4th Quarter",156,298,39,36,"Shot","Miss","",NA,"mars",20.6155281280883,0.39852244566642,22.8336541779175,14,0,0,11,11,195.142625141666
"49",1030,"4th Quarter",158,343,35,19,"Shot","Score","",NA,"mars",4.47213595499958,1.10714871779409,63.434948822922,14,2,1,10,10.2,124.235243609872
"50",1060,"4th Quarter",162,459,50,24,"Shot","Miss","",NA,"mars",20.2484567313166,1.21780593896799,69.7751405688319,16,0,0,3,3,127.490303817124
"51",1083,"4th Quarter",164,494,35,16,"Shot","Miss","",NA,"mars",4.12310562561766,-1.32581766366803,-75.9637565320735,17,0,0,10,10,144.969836432015
"52",1097,"4th Quarter",166,522,34,17,"Shot","Miss","",NA,"mars",3,1.5707963267949,90,9,0,0,9,9,114.491878616579
"53",1110,"4th Quarter",169,609,30,39,"Shot","Score","",NA,"mars",22.0227155455452,-0.045423279421577,-2.60256220249981,9,2,1,11,11.2,132.54154077267
"54",1123,"4th Quarter",171,654,33,17,"Shot","Miss","",NA,"mars",2,1.5707963267949,90,16,0,0,9,9,118.844443967278
"55",1146,"4th Quarter",173,671,24,38,"Shot","Miss","",NA,"mars",22.1359436211787,-0.321750554396642,-18.434948822922,12,0,0,11,11,104.89314702376
"56",1180,"4th Quarter",176,857,10,20,"Shot","Miss","",NA,"mars",21.2132034355964,-1.42889927219073,-81.869897645844,16,0,0,4,4,149.260270333505
"57",1193,"4th Quarter",180,933,29,20,"Shot","Score","",NA,"mars",3.60555127546399,-0.588002603547568,-33.6900675259798,3,2,1,9,9.2,43.1629741745976
"58",1221,"4th Quarter",184,1148,38,25,"Shot","Miss","",NA,"mars",10.6301458127346,0.718829999621625,41.1859251657096,23,0,0,10,10,207.190116030447
"59",14,"1st Quarter",2,35,15,24,"Shot","Miss","",NA,"mars",17.464249196573,-1.15838588519751,-66.3706222693432,17,0,0,6,6,122.022932829603
"60",31,"1st Quarter",5,75,31,20,"Shot","Foul","",NA,"mars",3,0,0,13,1,0,9,9.1,141.458368624242
"61",46,"1st Quarter",7,128,30,30,"Shot","Score","",NA,"mars",13.0384048104053,-0.076771891269778,-4.39870535499553,10,2,1,10,10.2,127.26206824755
"62",72,"1st Quarter",9,186,34,18,"Shot","Miss","",NA,"mars",3.16227766016838,1.24904577239825,71.565051177078,19,0,0,9,9,159.395436725157
"63",85,"1st Quarter",12,206,34,18,"Shot","Foul","",NA,"mars",3.16227766016838,1.24904577239825,71.565051177078,8,1,0,9,9.1,97.3563029148437
"64",91,"1st Quarter",15,267,31,30,"Shot","Miss","",NA,"mars",13,0,0,4,0,0,10,10,60.0958391838975
"65",118,"1st Quarter",17,307,34,19,"Shot","Miss","",NA,"mars",3.60555127546399,0.982793723247329,56.3099324740202,22,0,0,9,9,208.138740326295
"66",120,"1st Quarter",19,320,49,18,"Shot","Score","",NA,"mars",18.0277563773199,1.51529782154918,86.8201698801358,1,2,1,3,3.2,10.816653826392
"67",136,"1st Quarter",22,397,38,38,"Shot","Miss","",NA,"mars",22.1359436211787,0.321750554396642,18.434948822922,16,0,0,11,11,72.8190447111764
"68",162,"1st Quarter",26,494,27,22,"Shot","Miss","",NA,"mars",6.40312423743285,-0.674740942223553,-38.6598082540901,10,0,0,10,10,125.468064460675
"69",192,"1st Quarter",30,628,25,28,"Shot","Miss","",NA,"mars",12.5299640861417,-0.49934672168013,-28.6104596659652,15,0,0,10,10,162.614214139767
"70",207,"1st Quarter",33,659,30,17,"Shot","Foul","",NA,"mars",1,-1.5707963267949,-90,9,1,0,9,9.1,110.306722337403
"71",214,"1st Quarter",35,715,35,16,"Shot","Score","",NA,"mars",4.12310562561766,-1.32581766366803,-75.9637565320735,3,2,1,10,10.2,96.3788370733758
"72",241,"1st Quarter",37,759,29,22,"Shot","Score","",NA,"mars",5.3851648071345,-0.380506377112365,-21.8014094863518,22,2,1,10,10.2,188.091687594629
"73",248,"1st Quarter",39,787,33,19,"Shot","Foul","",NA,"mars",2.82842712474619,0.785398163397448,45,5,1,0,9,9.1,89.5647094433064
"74",276,"1st Quarter",41,883,35,20,"Shot","Miss","",NA,"mars",5,0.927295218001612,53.130102354156,23,0,0,10,10,187.221083030154
"75",298,"1st Quarter",44,950,36,17,"Shot","Miss","",NA,"mars",5,1.5707963267949,90,15,0,0,10,10,160.921508480788
"76",308,"1st Quarter",47,986,10,17,"Shot","Miss","",NA,"mars",21,-1.5707963267949,-90,5,0,0,4,4,90.9038587188649
"77",311,"1st Quarter",48,992,30,21,"Shot","Miss","",NA,"mars",4.12310562561766,-0.244978663126864,-14.0362434679265,3,0,0,10,10,13.7792717443648
"78",331,"1st Quarter",50,1023,34,17,"Shot","Miss","",NA,"mars",3,1.5707963267949,90,15,0,0,9,9,176.31187599324
"79",363,"2nd Quarter",56,62,33,18,"Shot","Score","",NA,"mars",2.23606797749979,1.10714871779409,63.434948822922,15,2,1,9,9.2,115.461992867188
"80",380,"2nd Quarter",63,182,34,18,"Shot","Miss","",NA,"mars",3.16227766016838,1.24904577239825,71.565051177078,4,0,0,9,9,77.5276802782278
"81",383,"2nd Quarter",64,206,45,30,"Shot","Miss","",NA,"mars",19.1049731745428,0.822418279271378,47.1210963966615,2,0,0,5,5,25.6344827144126
"82",406,"2nd Quarter",68,265,15,22,"Shot","Miss","",NA,"mars",16.7630546142402,-1.26791145841993,-72.6459753637387,6,0,0,4,4,120.178892908162
"83",438,"2nd Quarter",72,454,33,18,"Shot","Score","",NA,"mars",2.23606797749979,1.10714871779409,63.434948822922,9,2,1,9,9.2,81.1445145916088
"84",457,"2nd Quarter",74,500,35,38,"Shot","Miss","",NA,"mars",21.3775583264319,0.188221505304771,10.7842978675626,17,0,0,11,11,120.204996232759
"85",478,"2nd Quarter",76,549,35,20,"Shot","Score","",NA,"mars",5,0.927295218001612,53.130102354156,17,2,1,10,10.2,130.05554259655
"86",496,"2nd Quarter",78,580,28,18,"Shot","Foul","",NA,"mars",3.16227766016838,-1.24904577239825,-71.565051177078,11,1,0,9,9.1,136.18880776047
"87",504,"2nd Quarter",81,638,52,20,"Shot","Miss","",NA,"mars",21.2132034355964,1.42889927219073,81.869897645844,4,0,0,3,3,94.468001112461
"88",554,"2nd Quarter",86,742,40,30,"Shot","Miss","",NA,"mars",15.8113883008419,0.60554466360497,34.695153531234,14,0,0,5,5,145.085755918928
"89",565,"2nd Quarter",88,769,23,36,"Shot","Score","",NA,"mars",20.6155281280883,-0.39852244566642,-22.8336541779175,6,2,1,11,11.2,108.160698249506
"90",582,"2nd Quarter",92,860,43,19,"Shot","Miss","",NA,"mars",12.1655250605964,1.40564764938027,80.5376777919744,14,0,0,3,3,196.17766846707
"91",622,"2nd Quarter",98,1038,42,30,"Shot","Miss","",NA,"mars",17.0293863659264,0.702256931509007,40.2363583092738,18,0,0,5,5,151.038688877364
"92",639,"2nd Quarter",100,1061,34,19,"Shot","Miss","",NA,"mars",3.60555127546399,0.982793723247329,56.3099324740202,10,0,0,9,9,112.282860133339
"93",661,"2nd Quarter",102,1118,33,18,"Shot","Score","",NA,"mars",2.23606797749979,1.10714871779409,63.434948822922,19,2,1,9,9.2,132.062757224694
"94",683,"2nd Quarter",105,1167,45,16,"Shot","Score","",NA,"mars",14.0356688476182,-1.49948886200961,-85.9143832200251,16,2,1,10,10.2,149.169199204097
"95",702,"3rd Quarter",109,42,11,21,"Shot","Miss","",NA,"mars",20.3960780543711,-1.37340076694502,-78.6900675259798,16,0,0,4,4,126.341569316648
"96",719,"3rd Quarter",111,85,35,18,"Shot","Miss","",NA,"mars",4.12310562561766,1.32581766366803,75.9637565320735,13,0,0,10,10,164.850721142224
"97",725,"3rd Quarter",112,97,39,32,"Shot","Miss","",NA,"mars",17,0.489957326253728,28.072486935853,6,0,0,11,11,41.7078201126096
"98",737,"3rd Quarter",114,132,28,25,"Shot","Score","",NA,"mars",8.54400374531753,-0.358770670270572,-20.5560452195835,15,2,1,10,10.2,86.652110894008
"99",755,"3rd Quarter",116,168,29,18,"Shot","Score","",NA,"mars",2.23606797749979,-1.10714871779409,-63.434948822922,15,2,1,9,9.2,174.58001859117
"100",768,"3rd Quarter",118,203,36,39,"Shot","Miss","",NA,"mars",22.561028345357,0.223476601140633,12.8042660652868,10,0,0,11,11,88.178819348358
"101",784,"3rd Quarter",122,249,32,37,"Shot","Score","",NA,"mars",20.0249843945008,0.0499583957219428,2.86240522611175,14,2,1,11,11.2,143.870842391789
"102",808,"3rd Quarter",124,290,34,28,"Shot","Miss","",NA,"mars",11.4017542509914,0.266252049150925,15.2551187030578,22,0,0,10,10,155.240156198851
"103",811,"3rd Quarter",125,297,10,19,"Shot","Score","",NA,"mars",21.095023109729,-1.47584462045214,-84.5596679689945,4,2,1,4,4.2,46.2677701405369
"104",832,"3rd Quarter",129,410,30,19,"Shot","Score","",NA,"mars",2.23606797749979,-0.463647609000806,-26.565051177078,16,2,1,9,9.2,161.614809879011
"105",851,"3rd Quarter",131,474,35,31,"Shot","Foul","",NA,"mars",14.560219778561,0.278299659005111,15.9453959009229,15,1,0,10,10.1,118.123683204671
"106",872,"3rd Quarter",136,687,53,16,"Shot","Miss","",NA,"mars",22.0227155455452,-1.52537304737332,-87.3974377975002,28,0,0,10,10,123.58800067574
"107",889,"3rd Quarter",137,707,11,17,"Shot","Miss","",NA,"mars",20,-1.5707963267949,-90,16,0,0,4,4,109.429668252876
"108",904,"3rd Quarter",139,726,34,40,"Shot","Score","",NA,"mars",23.1948270094864,0.129702537155912,7.43140797117251,10,2,1,11,11.2,108.320805213032
"109",925,"3rd Quarter",143,786,35,18,"Shot","Score","",NA,"mars",4.12310562561766,1.32581766366803,75.9637565320735,6,2,1,10,10.2,86.6562904475345
"110",944,"3rd Quarter",147,924,42,21,"Shot","Miss","",NA,"mars",11.7046999107196,1.22202532321099,70.0168934781,14,0,0,3,3,136.895985174254
"111",968,"3rd Quarter",149,1019,37,27,"Shot","Miss","",NA,"mars",11.6619037896906,0.540419500270584,30.9637565320735,19,0,0,10,10,157.629592267425
"112",970,"3rd Quarter",150,1022,35,22,"Shot","Miss","OR",NA,"mars",6.40312423743285,0.674740942223553,38.6598082540901,0,0,0,10,10,1.4142135623731
"113",990,"3rd Quarter",152,1099,33,33,"Shot","Miss","",NA,"mars",16.1245154965971,0.124354994546761,7.1250163489018,19,0,0,11,11,146.515662015573
"114",1006,"3rd Quarter",154,1156,10,20,"Shot","Score","",NA,"mars",21.2132034355964,-1.42889927219073,-81.869897645844,10,2,1,4,4.2,126.014569673104
"115",1027,"3rd Quarter",156,1199,32,24,"Shot","Miss","",NA,"mars",7.07106781186548,0.141897054604164,8.13010235415598,21,0,0,10,10,134.264454434357
"116",1046,"4th Quarter",159,30,49,26,"Shot","Score","",NA,"mars",20.1246117974981,1.10714871779409,63.434948822922,18,2,1,5,5.2,131.540916948604
"117",1075,"4th Quarter",162,113,41,34,"Shot","Miss","",NA,"mars",19.723082923316,0.531724067258806,30.4655449194599,11,0,0,11,11,85.2391374530121
"118",1090,"4th Quarter",166,141,27,25,"Shot","Miss","",NA,"mars",8.94427190999916,-0.463647609000806,-26.565051177078,11,0,0,10,10,130.348650705471
"119",1105,"4th Quarter",168,185,11,20,"Shot","Score","",NA,"mars",20.2237484161567,-1.4219063791854,-81.4692343900519,7,2,1,4,4.2,96.23986229261
"120",1117,"4th Quarter",170,216,28,38,"Shot","Miss","",NA,"mars",21.2132034355964,-0.141897054604164,-8.13010235415598,8,0,0,11,11,127.303133934213
"121",1119,"4th Quarter",171,312,37,18,"Shot","Miss","",NA,"mars",6.08276253029822,1.40564764938027,80.5376777919744,1,0,0,10,10,17.8885438199983
"122",1183,"4th Quarter",178,460,42,27,"Shot","Miss","",NA,"mars",14.8660687473185,0.832981266674432,47.7263109939063,20,0,0,5,5,214.234028802999
"123",1246,"4th Quarter",184,626,36,18,"Shot","Miss","",NA,"mars",5.09901951359278,1.37340076694502,78.6900675259798,9,0,0,10,10,142.477101372478
"124",1249,"4th Quarter",186,663,32,21,"Shot","Score","Foul",NA,"mars",4.12310562561766,0.244978663126864,14.0362434679265,1,2,1,10,10.2,14.2126704035519
"125",1271,"4th Quarter",188,747,14,29,"Shot","Miss","",NA,"mars",20.8086520466848,-0.956133374872731,-54.7824070318073,16,0,0,6,6,186.521520922798
"126",1288,"4th Quarter",191,807,41,35,"Shot","Miss","",NA,"mars",20.591260281974,0.507098504392337,29.0546040990771,9,0,0,11,11,92.6606331456162
"127",1309,"4th Quarter",194,864,48,20,"Shot","Miss","",NA,"mars",17.2626765016321,1.39612412778666,79.9920201985587,18,0,0,3,3,155.266931760971
"128",1311,"4th Quarter",195,870,19,34,"Shot","Miss","",NA,"mars",20.8086520466848,-0.614662951922166,-35.2175929681927,3,0,0,6,6,7.07106781186548
"129",1325,"4th Quarter",197,908,27,38,"Shot","Score","",NA,"mars",21.3775583264319,-0.188221505304771,-10.7842978675626,13,2,1,11,11.2,136.136419078399
"130",1333,"4th Quarter",199,926,52,24,"Shot","Miss","",NA,"mars",22.1359436211787,1.24904577239825,71.565051177078,6,0,0,3,3,95.8514435084304
"131",1336,"4th Quarter",201,967,28,18,"Shot","Score","",NA,"mars",3.16227766016838,-1.24904577239825,-71.565051177078,1,2,1,9,9.2,13.6014705087354
"132",1355,"4th Quarter",203,998,29,15,"Shot","Score","",NA,"mars",2.82842712474619,0.785398163397448,45,16,2,1,10,10.2,175.723036525552
"133",1371,"4th Quarter",205,1050,15,30,"Shot","Score","",NA,"mars",20.6155281280883,-0.888479771920149,-50.9061411137705,10,2,1,6,6.2,121.223336276952
"134",1386,"4th Quarter",207,1102,41,22,"Shot","Miss","Score",NA,"mars",11.1803398874989,1.10714871779409,63.434948822922,8,0,1,5,5,115.06456614069
"135",11,"1st Quarter",2,21,11,27,"Shot","Miss","",NA,"mars",22.3606797749979,-1.10714871779409,-63.434948822922,11,0,0,6,6,104.730524966913
"136",18,"1st Quarter",3,45,28,18,"Shot","Score","",NA,"mars",3.16227766016838,-1.24904577239825,-71.565051177078,5,2,1,9,9.2,89.1642402887174
"137",33,"1st Quarter",4,91,33,17,"Shot","Miss","",NA,"mars",2,1.5707963267949,90,16,0,0,9,9,150.012796378911
"138",48,"1st Quarter",6,162,53,19,"Shot","Miss","",NA,"mars",22.0907220343745,1.48013643959415,84.8055710922652,2,0,0,3,3,17.2046505340853
"139",57,"1st Quarter",8,195,28,19,"Shot","Score","",NA,"mars",3.60555127546399,-0.982793723247329,-56.3099324740202,1,2,1,9,9.2,17.0293863659264
"140",62,"1st Quarter",9,218,33,17,"Shot","Score","",NA,"mars",2,1.5707963267949,90,3,2,1,9,9.2,64.7633841066204
"141",77,"1st Quarter",11,261,9,24,"Shot","Miss","",NA,"mars",23.0867927612304,-1.26274354577112,-72.3498757800699,5,0,0,4,4,72.2161475138057
"142",95,"1st Quarter",13,345,35,17,"Shot","Miss","",NA,"mars",4,1.5707963267949,90,8,0,0,9,9,73.0091456374692
"143",106,"1st Quarter",14,365,34,32,"Shot","Score","",NA,"mars",15.2970585407784,0.197395559849881,11.3099324740202,8,2,1,11,11.2,109.655887869114
"144",116,"1st Quarter",15,419,20,17,"Shot","Miss","",NA,"mars",11,-1.5707963267949,-90,10,0,0,4,4,117.6579194869
"145",127,"1st Quarter",16,442,29,17,"Shot","Miss","",NA,"mars",2,-1.5707963267949,-90,11,0,0,9,9,99.9699210744094
"146",129,"1st Quarter",17,446,34,17,"Shot","Score","",NA,"mars",3,1.5707963267949,90,2,2,1,9,9.2,2.23606797749979
"147",172,"1st Quarter",20,545,26,35,"Shot","Score","",NA,"mars",18.6815416922694,-0.270946850338421,-15.5241109967543,8,2,1,11,11.2,88.0987834850265
"148",191,"1st Quarter",21,618,20,35,"Shot","Miss","",NA,"mars",21.095023109729,-0.548549402450528,-31.4295656148385,18,0,0,6,6,130.865435675906
"149",203,"1st Quarter",22,645,40,33,"Shot","Miss","",NA,"mars",18.3575597506858,0.512389460310738,29.3577535427913,10,0,0,11,11,103.449402177618
"150",215,"1st Quarter",23,673,39,19,"Shot","Miss","",NA,"mars",8.24621125123532,1.32581766366803,75.9637565320735,10,0,0,10,10,147.078758053818
"151",232,"1st Quarter",24,843,37,25,"Shot","Score","",NA,"mars",10,0.643501108793284,36.869897645844,17,2,1,10,10.2,131.901308855084
"152",249,"1st Quarter",25,920,34,17,"Shot","Miss","",NA,"mars",3,1.5707963267949,90,19,0,0,9,9,127.713978941737
"153",278,"2nd Quarter",27,23,51,25,"Shot","Miss","",NA,"mars",21.540659228538,1.19028994968253,68.1985905136482,5,0,0,3,3,88.3612611184808
"154",292,"2nd Quarter",28,79,39,33,"Shot","Score","",NA,"mars",17.8885438199983,0.463647609000806,26.565051177078,12,2,1,11,11.2,114.927933750099
"155",314,"2nd Quarter",30,191,41,39,"Shot","Score","",NA,"mars",24.1660919471891,0.426627493126876,24.4439547804165,9,2,1,11,11.2,103.03803612852
"156",333,"2nd Quarter",31,233,30,18,"Shot","Score","",NA,"mars",1.4142135623731,-0.785398163397448,-45,21,2,1,9,9.2,178.602841513119
"157",340,"2nd Quarter",32,312,34,32,"Shot","Miss","",NA,"mars",15.2970585407784,0.197395559849881,11.3099324740202,5,0,0,11,11,75.2001661252538
"158",352,"2nd Quarter",33,324,26,25,"Shot","Score","",NA,"mars",9.4339811320566,-0.558599315343562,-32.0053832080835,11,2,1,10,10.2,88.1183695409284
"159",373,"2nd Quarter",35,549,28,18,"Shot","Score","",NA,"mars",3.16227766016838,-1.24904577239825,-71.565051177078,16,2,1,9,9.2,144.419637213934
"160",385,"2nd Quarter",36,580,32,22,"Shot","Miss","",NA,"mars",5.09901951359278,0.197395559849881,11.3099324740202,9,0,0,10,10,101.267219526796
"161",404,"2nd Quarter",39,766,34,17,"Shot","Miss","",NA,"mars",3,1.5707963267949,90,6,0,0,9,9,103.190355907136
"162",413,"2nd Quarter",40,795,35,20,"Shot","Score","",NA,"mars",5,0.927295218001612,53.130102354156,7,2,1,10,10.2,92.3926224895149
"163",423,"2nd Quarter",41,832,36,17,"Shot","Miss","",NA,"mars",5,1.5707963267949,90,8,0,0,10,10,98.3502162677455
"164",459,"2nd Quarter",44,1068,22,35,"Shot","Miss","",NA,"mars",20.1246117974981,-0.463647609000806,-26.565051177078,10,0,0,11,11,133.611223542191
"165",474,"2nd Quarter",45,1206,36,22,"Shot","Score","",NA,"mars",7.07106781186548,0.785398163397448,45,13,2,1,10,10.2,126.10329350166
"166",538,"3rd Quarter",51,274,27,20,"Shot","Miss","",NA,"mars",5,-0.927295218001612,-53.130102354156,7,0,0,10,10,114.456102220911
"167",578,"3rd Quarter",54,447,27,39,"Shot","Miss","",NA,"mars",22.3606797749979,-0.179853499792478,-10.304846468766,16,0,0,11,11,170.199365953408
"168",588,"3rd Quarter",56,505,10,21,"Shot","Score","",NA,"mars",21.3775583264319,-1.38257482149013,-79.2157021324374,6,2,1,4,4.2,91.331881546564
"169",598,"3rd Quarter",57,551,35,18,"Shot","Score","",NA,"mars",4.12310562561766,1.32581766366803,75.9637565320735,8,2,1,10,10.2,90.3087181701739
"170",606,"3rd Quarter",58,599,26,21,"Shot","Score","",NA,"mars",6.40312423743285,-0.896055384571344,-51.3401917459099,7,2,1,10,10.2,96.3078556380829
"171",619,"3rd Quarter",59,759,28,15,"Shot","Score","",NA,"mars",3.60555127546399,0.982793723247329,56.3099324740202,11,2,1,10,10.2,117.558919908142
"172",627,"3rd Quarter",60,796,29,17,"Shot","Miss","",NA,"mars",2,-1.5707963267949,-90,5,0,0,9,9,93.8861130383279
"173",633,"3rd Quarter",61,885,27,18,"Shot","Miss","",NA,"mars",4.12310562561766,-1.32581766366803,-75.9637565320735,6,0,0,10,10,84.9795634659051
"174",653,"3rd Quarter",62,980,36,21,"Shot","Miss","",NA,"mars",6.40312423743285,0.896055384571344,51.3401917459099,20,0,0,10,10,155.779844548894
"175",668,"3rd Quarter",64,1148,34,17,"Shot","Score","",NA,"mars",3,1.5707963267949,90,4,2,1,9,9.2,91.0049175217619
"176",675,"3rd Quarter",65,1179,8,21,"Shot","Score","",NA,"mars",23.3452350598575,-1.39860551227196,-80.1341930569156,5,2,1,2,2.2,106.099115062593
"177",703,"3rd Quarter",67,1413,35,18,"Shot","Miss","",NA,"mars",4.12310562561766,1.32581766366803,75.9637565320735,11,0,0,10,10,108.885200170665
"178",719,"3rd Quarter",68,1504,23,31,"Shot","Score","",NA,"mars",16.1245154965971,-0.519146114246523,-29.7448812969422,15,2,1,10,10.2,112.544106655581
"179",732,"4th Quarter",69,19,35,18,"Shot","Miss","",NA,"mars",4.12310562561766,1.32581766366803,75.9637565320735,12,0,0,10,10,103.58006451923
"180",740,"4th Quarter",70,49,35,17,"Shot","Miss","",NA,"mars",4,1.5707963267949,90,6,0,0,9,9,113.48068952176
"181",751,"4th Quarter",71,92,10,21,"Shot","Score","",NA,"mars",21.3775583264319,-1.38257482149013,-79.2157021324374,8,2,1,4,4.2,136.979093203497
"182",770,"4th Quarter",72,166,10,23,"Shot","Score","",NA,"mars",21.8403296678416,-1.29249666778979,-74.0546040990772,14,2,1,4,4.2,173.055641500886
"183",786,"4th Quarter",73,204,27,19,"Shot","Score","",NA,"mars",4.47213595499958,-1.10714871779409,-63.434948822922,13,2,1,10,10.2,168.412951751595
"184",816,"4th Quarter",75,365,53,22,"Shot","Miss","",NA,"mars",22.561028345357,1.34731972565426,77.1957339347132,3,0,0,3,3,59.1047947238142
"185",824,"4th Quarter",76,388,51,27,"Shot","Score","",NA,"mars",22.3606797749979,1.10714871779409,63.434948822922,6,2,1,5,5.2,80.7758058013795
"186",850,"4th Quarter",78,474,32,38,"Shot","Score","",NA,"mars",21.0237960416286,0.0475831032769834,2.72631099390627,25,2,1,11,11.2,229.717213301948
"187",862,"4th Quarter",79,552,51,24,"Shot","Miss","",NA,"mars",21.1896201004171,1.23412150740817,70.7099537808113,10,0,0,3,3,152.200847318826
"188",868,"4th Quarter",80,570,11,27,"Shot","Score","",NA,"mars",22.3606797749979,-1.10714871779409,-63.434948822922,5,2,1,6,6.2,89.8320861472658
"189",893,"4th Quarter",82,666,47,33,"Shot","Miss","",NA,"mars",22.6274169979695,0.785398163397448,45,8,0,0,5,5,89.47541089984
"190",916,"4th Quarter",84,791,35,19,"Shot","Miss","",NA,"mars",4.47213595499958,1.10714871779409,63.434948822922,6,0,0,10,10,78.3613891924042
"191",942,"4th Quarter",86,873,25,37,"Shot","Score","",NA,"mars",20.8806130178211,-0.291456794477867,-16.6992442339936,12,2,1,11,11.2,167.09829214617
"192",980,"4th Quarter",88,1025,29,19,"Shot","Score","",NA,"mars",2.82842712474619,-0.785398163397448,-45,16,2,1,9,9.2,183.678135051798
"193",997,"4th Quarter",89,1150,18,35,"Shot","Score","",NA,"mars",22.2036033111745,-0.625485040239229,-35.8376529542783,15,2,1,6,6.2,155.745588687727
"194",15,"1st Quarter",2,40,26,18,"Shot","Miss","",NA,"mars",5.09901951359278,-1.37340076694502,-78.6900675259798,19,0,0,10,10,111.904553727603
"195",24,"1st Quarter",5,73,33,17,"Shot","Score","",NA,"mars",2,1.5707963267949,90,3,2,1,9,9.2,64.3286380435079
"196",57,"1st Quarter",13,327,29,19,"Shot","Score","",NA,"mars",2.82842712474619,-0.785398163397448,-45,1,2,1,9,9.2,13.4536240470737
"197",76,"1st Quarter",15,377,40,17,"Shot","Miss","",NA,"mars",9,1.5707963267949,90,16,0,0,3,3,133.588168876106
"198",90,"1st Quarter",18,420,35,18,"Shot","Score","",NA,"mars",4.12310562561766,1.32581766366803,75.9637565320735,2,2,1,10,10.2,41.4350404282554
"199",107,"1st Quarter",21,524,48,19,"Shot","Miss","",NA,"mars",17.1172427686237,1.45368758222803,83.2901631922431,16,0,0,3,3,113.577891850839
"200",121,"1st Quarter",24,597,29,20,"Shot","Miss","",NA,"mars",3.60555127546399,-0.588002603547568,-33.6900675259798,15,0,0,9,9,99.0620610961263
"201",145,"1st Quarter",29,769,29,18,"Shot","Miss","",NA,"mars",2.23606797749979,-1.10714871779409,-63.434948822922,6,0,0,9,9,93.1426544264365
"202",163,"1st Quarter",32,872,37,33,"Shot","Miss","",NA,"mars",17.0880074906351,0.358770670270572,20.5560452195835,16,0,0,11,11,108.742509094666
"203",173,"1st Quarter",34,902,49,27,"Shot","Score","",NA,"mars",20.591260281974,1.06369782240256,60.9453959009229,13,2,1,5,5.2,116.859337388034
"204",218,"1st Quarter",39,1198,24,21,"Shot","Miss","",NA,"mars",8.06225774829855,-1.05165021254837,-60.2551187030578,25,0,0,10,10,228.890628887789
"205",229,"1st Quarter",41,1225,28,20,"Shot","Miss","",NA,"mars",4.24264068711928,-0.785398163397448,-45,7,0,0,10,10,95.1236953143416
"206",244,"1st Quarter",44,1294,33,20,"Shot","Miss","",NA,"mars",3.60555127546399,0.588002603547568,33.6900675259798,13,0,0,9,9,138.541084056701
"207",263,"1st Quarter",47,1351,16,31,"Shot","Miss","",NA,"mars",20.5182845286832,-0.819867264396956,-46.974934010882,16,0,0,6,6,190.228527586618
"208",276,"1st Quarter",48,1365,28,18,"Shot","Score","",NA,"mars",3.16227766016838,-1.24904577239825,-71.565051177078,13,2,1,9,9.2,94.1421560672139
"209",285,"2nd Quarter",51,15,35,17,"Shot","Miss","",NA,"mars",4,1.5707963267949,90,11,0,0,9,9,92.5022518642189
"210",295,"2nd Quarter",56,122,38,39,"Shot","Score","",NA,"mars",23.0867927612304,0.308052781023776,17.6501242199301,8,2,1,11,11.2,77.7546535946506
"211",350,"2nd Quarter",63,438,29,18,"Shot","Score","",NA,"mars",2.23606797749979,-1.10714871779409,-63.434948822922,10,2,1,9,9.2,141.856598248544
"212",394,"2nd Quarter",74,677,34,17,"Shot","Score","",NA,"mars",3,1.5707963267949,90,4,2,1,9,9.2,77.9828009951656
"213",414,"2nd Quarter",77,730,32,17,"Shot","Score","",NA,"mars",1,1.5707963267949,90,14,2,1,9,9.2,152.71160071911
"214",448,"2nd Quarter",86,978,16,27,"Shot","Miss","",NA,"mars",18.0277563773199,-0.982793723247329,-56.3099324740202,17,0,0,6,6,165.842100824987
"215",463,"2nd Quarter",89,1103,11,24,"Shot","Miss","",NA,"mars",21.1896201004171,-1.23412150740817,-70.7099537808113,11,0,0,4,4,136.312328227455
"216",494,"2nd Quarter",93,1165,12,27,"Shot","Miss","",NA,"mars",21.4709105535839,-1.08631839775787,-62.24145939894,13,0,0,6,6,136.885125556217
"217",515,"2nd Quarter",96,1281,54,18,"Shot","Score","",NA,"mars",23.0217288664427,1.52734543140337,87.5104470780009,16,2,1,1,1.2,171.396257065985
"218",552,"2nd Quarter",100,1440,35,18,"Shot","Miss","",NA,"mars",4.12310562561766,1.32581766366803,75.9637565320735,20,0,0,10,10,73.6242617818451
"219",555,"2nd Quarter",101,1466,37,21,"Shot","Score","",NA,"mars",7.21110255092798,0.982793723247329,56.3099324740202,2,2,1,10,10.2,29.0622577482985
"220",592,"3rd Quarter",105,135,32,23,"Shot","Miss","",NA,"mars",6.08276253029822,0.165148677414627,9.46232220802562,15,0,0,10,10,161.290454702313
"221",625,"3rd Quarter",109,268,20,36,"Shot","Score","",NA,"mars",21.9544984001001,-0.524795771650107,-30.0685828218625,6,2,1,11,11.2,63.9740835950627
"222",642,"3rd Quarter",112,305,33,18,"Shot","Score","",NA,"mars",2.23606797749979,1.10714871779409,63.434948822922,2,2,1,9,9.2,41.6397153495558
"223",650,"3rd Quarter",114,331,32,17,"Shot","Score","",NA,"mars",1,1.5707963267949,90,5,2,1,9,9.2,92.6308637471118
"224",669,"3rd Quarter",116,362,34,17,"Shot","Score","",NA,"mars",3,1.5707963267949,90,17,2,1,9,9.2,170.99540843004
"225",715,"3rd Quarter",125,498,41,35,"Shot","Score","",NA,"mars",20.591260281974,0.507098504392337,29.0546040990771,11,2,1,11,11.2,97.5917482120711
"226",734,"3rd Quarter",129,554,52,17,"Shot","Miss","",NA,"mars",21,1.5707963267949,90,8,0,0,3,3,109.838091001552
"227",750,"3rd Quarter",131,593,29,16,"Shot","Miss","",NA,"mars",2.23606797749979,1.10714871779409,63.434948822922,13,0,0,10,10,135.31854315508
"228",763,"3rd Quarter",132,608,10,19,"Shot","Miss","",NA,"mars",21.095023109729,-1.47584462045214,-84.5596679689945,11,0,0,4,4,83.7897317667209
"229",777,"3rd Quarter",134,631,36,21,"Shot","Miss","",NA,"mars",6.40312423743285,0.896055384571344,51.3401917459099,12,0,0,10,10,133.675657432273
"230",801,"3rd Quarter",137,787,40,37,"Shot","Score","",NA,"mars",21.9317121994613,0.422853926132941,24.2277453179542,10,2,1,11,11.2,118.272089376908
"231",822,"3rd Quarter",140,848,25,17,"Shot","Miss","",NA,"mars",6,-1.5707963267949,-90,8,0,0,10,10,67.0146929341239
"232",850,"3rd Quarter",146,998,28,19,"Shot","Miss","",NA,"mars",3.60555127546399,-0.982793723247329,-56.3099324740202,5,0,0,9,9,85.2652978388308
"233",872,"3rd Quarter",150,1129,29,17,"Shot","Score","",NA,"mars",2,-1.5707963267949,-90,4,2,1,9,9.2,82.0818488474801
"234",900,"4th Quarter",155,100,53,24,"Shot","Miss","",NA,"mars",23.0867927612304,1.26274354577112,72.3498757800699,6,0,0,3,3,90.9011561403597
"235",917,"4th Quarter",157,131,32,18,"Shot","Score","",NA,"mars",1.4142135623731,0.785398163397448,45,15,2,1,9,9.2,146.706100778901
"236",939,"4th Quarter",162,317,27,30,"Shot","Miss","",NA,"mars",13.6014705087354,-0.298498931586179,-17.1027289690524,11,0,0,10,10,153.610356110726
"237",954,"4th Quarter",165,366,10,18,"Shot","Miss","",NA,"mars",21.0237960416286,-1.52321322351791,-87.2736890060937,14,0,0,4,4,181.968045775597
"238",972,"4th Quarter",167,413,15,30,"Shot","Score","",NA,"mars",20.6155281280883,-0.888479771920149,-50.9061411137705,18,2,1,6,6.2,207.78639536723
"239",982,"4th Quarter",169,444,32,22,"Shot","Miss","",NA,"mars",5.09901951359278,0.197395559849881,11.3099324740202,7,0,0,10,10,108.937613201571
"240",994,"4th Quarter",171,480,22,37,"Shot","Miss","",NA,"mars",21.9317121994613,-0.422853926132941,-24.2277453179542,10,0,0,11,11,111.349489401915
"241",1023,"4th Quarter",175,621,32,18,"Shot","Score","",NA,"mars",1.4142135623731,0.785398163397448,45,7,2,1,9,9.2,119.572598509452
"242",1045,"4th Quarter",181,823,34,33,"Shot","Miss","",NA,"mars",16.2788205960997,0.185347949995695,10.6196552761551,10,0,0,11,11,138.424622687761
"243",1057,"4th Quarter",183,849,28,16,"Shot","Score","",NA,"mars",3.16227766016838,1.24904577239825,71.565051177078,9,2,1,10,10.2,127.568696506537
"244",1064,"4th Quarter",185,873,30,17,"Shot","Score","",NA,"mars",1,-1.5707963267949,-90,3,2,1,9,9.2,69.9839658801409
"245",1082,"4th Quarter",189,953,31,19,"Shot","Score","",NA,"mars",2,0,0,10,2,1,9,9.2,93.1163744939774
"246",1116,"4th Quarter",196,1093,41,36,"Shot","Miss","",NA,"mars",21.4709105535839,0.484477929037023,27.75854060106,24,0,0,11,11,163.093195806058
"247",20,"1st Quarter",2,37,25,18,"Shot","Miss","",NA,"mars",6.08276253029822,-1.40564764938027,-80.5376777919744,18,0,0,10,10,143.882455324328
"248",41,"1st Quarter",6,104,21,31,"Shot","Miss","",NA,"mars",17.2046505340853,-0.620249485982821,-35.5376777919744,6,0,0,6,6,85.0244070260188
"249",43,"1st Quarter",7,108,34,18,"Shot","Score","",NA,"mars",3.16227766016838,1.24904577239825,71.565051177078,2,2,1,9,9.2,3
"250",65,"1st Quarter",13,197,51,23,"Shot","Miss","",NA,"mars",20.8806130178211,1.27933953231703,73.3007557660064,7,0,0,3,3,101.137412060792
"251",76,"1st Quarter",16,240,26,22,"Shot","Score","",NA,"mars",7.07106781186548,-0.785398163397448,-45,1,2,1,10,10.2,13.3416640641263
"252",83,"1st Quarter",18,261,33,17,"Shot","Score","",NA,"mars",2,1.5707963267949,90,6,2,1,9,9.2,94.0509807290518
"253",92,"1st Quarter",24,298,26,23,"Shot","Miss","",NA,"mars",7.81024967590665,-0.694738276196703,-39.8055710922652,9,0,0,10,10,100.063430966019
"254",112,"1st Quarter",34,457,29,21,"Shot","Score","",NA,"mars",4.47213595499958,-0.463647609000806,-26.565051177078,7,2,1,10,10.2,103.773769025578
"255",129,"1st Quarter",40,513,28,20,"Shot","Score","",NA,"mars",4.24264068711928,-0.785398163397448,-45,5,2,1,10,10.2,73.1500283295012
"256",162,"1st Quarter",51,723,11,18,"Shot","Miss","",NA,"mars",20.0249843945008,-1.52083793107295,-87.1375947738883,1,0,0,4,4,13.4536240470737
"257",218,"1st Quarter",62,942,28,38,"Shot","Miss","",NA,"mars",21.2132034355964,-0.141897054604164,-8.13010235415598,16,0,0,11,11,127.640709397617
"258",238,"1st Quarter",66,1015,34,17,"Shot","Score","",NA,"mars",3,1.5707963267949,90,3,2,1,9,9.2,41.6134512042634
"259",277,"2nd Quarter",74,39,32,25,"Shot","Score","",NA,"mars",8.06225774829855,0.124354994546761,7.1250163489018,11,2,1,10,10.2,131.801510344886
"260",289,"2nd Quarter",76,63,30,39,"Shot","Miss","",NA,"mars",22.0227155455452,-0.045423279421577,-2.60256220249981,11,0,0,11,11,123.067846034088
"261",293,"2nd Quarter",78,77,33,18,"Shot","Miss","",NA,"mars",2.23606797749979,1.10714871779409,63.434948822922,3,0,0,9,9,40.9566716990436
"262",308,"2nd Quarter",80,115,30,17,"Shot","Score","",NA,"mars",1,-1.5707963267949,-90,15,2,1,9,9.2,118.877356228098
"263",315,"2nd Quarter",82,140,28,17,"Shot","Score","",NA,"mars",3,-1.5707963267949,-90,6,2,1,9,9.2,86.8605611316961
"264",321,"2nd Quarter",85,265,51,25,"Shot","Miss","",NA,"mars",21.540659228538,1.19028994968253,68.1985905136482,5,0,0,3,3,69.944849667499
"265",335,"2nd Quarter",86,281,25,12,"Shot","Score","",NA,"mars",7.81024967590665,0.876058050598193,50.1944289077348,13,2,1,10,10.2,135.86964141099
"266",373,"2nd Quarter",95,416,15,17,"Shot","Miss","",NA,"mars",16,-1.5707963267949,-90,15,0,0,4,4,173.462894142937
"267",383,"2nd Quarter",98,438,17,37,"Shot","Score","",NA,"mars",24.4131112314674,-0.610725964389209,-34.9920201985587,11,2,1,8,8.2,107.668205233667
"268",395,"2nd Quarter",100,494,34,16,"Shot","Score","",NA,"mars",3.16227766016838,-1.24904577239825,-71.565051177078,12,2,1,10,10.2,137.465379559797
"269",418,"2nd Quarter",103,558,38,37,"Shot","Miss","",NA,"mars",21.1896201004171,0.336674819386727,19.2900462191887,6,0,0,11,11,65.4230463987255
"270",420,"2nd Quarter",104,563,27,18,"Shot","Score","",NA,"mars",4.12310562561766,-1.32581766366803,-75.9637565320735,2,2,1,10,10.2,2.82842712474619
"271",430,"2nd Quarter",107,595,28,41,"Shot","Miss","",NA,"mars",24.1867732448956,-0.124354994546761,-7.1250163489018,10,0,0,11,11,113.52162252525
"272",444,"2nd Quarter",108,613,12,28,"Shot","Score","",NA,"mars",21.9544984001001,-1.04600055514479,-59.9314171781376,14,2,1,6,6.2,112.090561631056
"273",455,"2nd Quarter",110,769,53,19,"Shot","Miss","",NA,"mars",22.0907220343745,1.48013643959415,84.8055710922652,10,0,0,3,3,123.133179057961
"274",460,"2nd Quarter",111,778,11,17,"Shot","Miss","",NA,"mars",20,-1.5707963267949,-90,5,0,0,4,4,69.39724437248
"275",480,"2nd Quarter",113,838,31,31,"Shot","Miss","",NA,"mars",14,0,0,17,0,0,10,10,200.167629055146
"276",482,"2nd Quarter",114,842,31,18,"Shot","Score","",NA,"mars",1,0,0,1,2,1,9,9.2,3
"277",495,"2nd Quarter",116,869,10,22,"Shot","Miss","",NA,"mars",21.5870331449229,-1.337053145926,-76.6075022462489,12,0,0,4,4,134.21809428292
"278",513,"2nd Quarter",118,900,12,16,"Shot","Miss","",NA,"mars",19.0262975904404,1.51821326518395,86.9872124958167,18,0,0,10,10,196.103338164072
"279",535,"2nd Quarter",123,980,33,17,"Shot","Score","",NA,"mars",2,1.5707963267949,90,13,2,1,9,9.2,172.482688037635
"280",545,"3rd Quarter",124,20,52,20,"Shot","Score","",NA,"mars",21.2132034355964,1.42889927219073,81.869897645844,11,2,1,3,3.2,137.863739705643
"281",574,"3rd Quarter",127,103,31,45,"Shot","Miss","",NA,"mars",28,0,0,25,0,0,12,12,278.459901286517
"282",586,"3rd Quarter",130,124,37,22,"Shot","Score","",NA,"mars",7.81024967590665,0.876058050598193,50.1944289077348,10,2,1,10,10.2,110.698197522625
"283",607,"3rd Quarter",132,161,27,35,"Shot","Miss","",NA,"mars",18.4390889145858,-0.218668945873942,-12.5288077091515,20,0,0,11,11,183.87999312498
"284",613,"3rd Quarter",136,226,28,18,"Shot","Miss","",NA,"mars",3.16227766016838,-1.24904577239825,-71.565051177078,4,0,0,9,9,67.4828152476974
"285",634,"3rd Quarter",139,271,32,22,"Shot","Miss","",NA,"mars",5.09901951359278,0.197395559849881,11.3099324740202,4,0,0,10,10,65.2422502339076
"286",645,"3rd Quarter",141,319,28,16,"Shot","Miss","",NA,"mars",3.16227766016838,1.24904577239825,71.565051177078,3,0,0,10,10,52.0111425953817
"287",652,"3rd Quarter",144,335,28,18,"Shot","Score","",NA,"mars",3.16227766016838,-1.24904577239825,-71.565051177078,5,2,1,9,9.2,75.6321053994918
"288",669,"3rd Quarter",146,372,33,18,"Shot","Score","",NA,"mars",2.23606797749979,1.10714871779409,63.434948822922,15,2,1,9,9.2,139.161253426579
"289",771,"3rd Quarter",172,728,10,22,"Shot","Miss","",NA,"mars",21.5870331449229,-1.337053145926,-76.6075022462489,14,0,0,4,4,144.32178463665
"290",773,"3rd Quarter",173,732,34,16,"Shot","Score","",NA,"mars",3.16227766016838,-1.24904577239825,-71.565051177078,2,2,1,10,10.2,3.60555127546399
"291",822,"3rd Quarter",181,887,29,16,"Shot","Miss","",NA,"mars",2.23606797749979,1.10714871779409,63.434948822922,15,0,0,10,10,166.797987600386
"292",841,"3rd Quarter",188,967,36,33,"Shot","Miss","",NA,"mars",16.7630546142402,0.302884868374971,17.3540246362613,9,0,0,11,11,90.6789124498096
"293",855,"3rd Quarter",189,982,26,19,"Shot","Miss","",NA,"mars",5.3851648071345,-1.19028994968253,-68.1985905136482,13,0,0,10,10,114.244909465775
"294",856,"3rd Quarter",191,986,31,25,"Shot","Score","",NA,"mars",8,0,0,0,2,1,10,10.2,0
"295",920,"4th Quarter",210,211,20,35,"Shot","Miss","",NA,"mars",21.095023109729,-0.548549402450528,-31.4295656148385,19,0,0,6,6,218.531782871585
"296",924,"4th Quarter",211,237,30,17,"Shot","Score","",NA,"mars",1,-1.5707963267949,-90,5,2,1,9,9.2,52.6108576470126
"297",939,"4th Quarter",214,311,36,20,"Shot","Score","",NA,"mars",5.8309518948453,1.03037682652431,59.0362434679265,16,2,1,10,10.2,127.564657141623
"298",958,"4th Quarter",216,341,16,15,"Shot","Score","",NA,"mars",15.1327459504216,1.43824479449822,82.4053566314086,14,2,1,10,10.2,163.789625949165
"299",975,"4th Quarter",219,379,50,24,"Shot","Miss","",NA,"mars",20.2484567313166,1.21780593896799,69.7751405688319,19,0,0,3,3,163.587119001484
"300",994,"4th Quarter",221,411,19,37,"Shot","Score","",NA,"mars",23.3238075793812,-0.540419500270584,-30.9637565320735,21,2,1,6,6.2,151.525612530223
"301",1010,"4th Quarter",223,470,27,31,"Shot","Miss","",NA,"mars",14.560219778561,-0.278299659005111,-15.9453959009229,18,0,0,10,10,170.197211626154
"302",1034,"4th Quarter",226,533,49,18,"Shot","Miss","",NA,"mars",18.0277563773199,1.51529782154918,86.8201698801358,21,0,0,3,3,204.130640940356
"303",1050,"4th Quarter",229,561,29,17,"Shot","Score","",NA,"mars",2,-1.5707963267949,-90,16,2,1,9,9.2,152.975631030752
"304",1070,"4th Quarter",232,649,10,15,"Shot","Miss","",NA,"mars",21.095023109729,1.47584462045214,84.5596679689945,24,0,0,10,10,217.408528470119
"305",1081,"4th Quarter",234,708,31,39,"Shot","Miss","",NA,"mars",22,0,0,10,0,0,11,11,84.1271858709544
"306",1100,"4th Quarter",236,765,40,35,"Shot","Miss","",NA,"mars",20.1246117974981,0.463647609000806,26.565051177078,20,0,0,11,11,209.027697268721
"307",1117,"4th Quarter",240,796,31,31,"Shot","Miss","",NA,"mars",14,0,0,0,0,0,10,10,0
"308",1128,"4th Quarter",241,811,49,26,"Shot","Miss","",NA,"mars",20.1246117974981,1.10714871779409,63.434948822922,12,0,0,5,5,63.3452127798121
"309",17,"1st Quarter",4,39,52,20,"Shot","Score","",NA,"mars",21.2132034355964,1.42889927219073,81.869897645844,19,2,1,3,3.2,206.735448882344
"310",39,"1st Quarter",10,87,29,20,"Shot","Miss","",NA,"mars",3.60555127546399,-0.588002603547568,-33.6900675259798,23,0,0,9,9,198.074442506086
"311",64,"1st Quarter",16,225,30,21,"Shot","Score","",NA,"mars",4.12310562561766,-0.244978663126864,-14.0362434679265,9,2,1,10,10.2,135.841941861277
"312",94,"1st Quarter",20,310,22,24,"Shot","Score","",NA,"mars",11.4017542509914,-0.90975315794421,-52.1250163489018,6,2,1,6,6.2,78.9387131164016
"313",110,"1st Quarter",24,372,11,19,"Shot","Miss","",NA,"mars",20.0997512422418,-1.47112767430373,-84.2894068625004,17,0,0,4,4,201.920005050401
"314",148,"1st Quarter",31,505,11,20,"Shot","Score","",NA,"mars",20.2237484161567,-1.4219063791854,-81.4692343900519,17,2,1,4,4.2,204.409610899811
"315",256,"1st Quarter",50,1012,27,18,"Shot","Miss","",NA,"mars",4.12310562561766,-1.32581766366803,-75.9637565320735,13,0,0,10,10,104.436066247275
"316",274,"1st Quarter",53,1098,35,18,"Shot","Miss","",NA,"mars",4.12310562561766,1.32581766366803,75.9637565320735,21,0,0,10,10,213.929873234398
"317",284,"1st Quarter",56,1219,47,21,"Shot","Score","",NA,"mars",16.4924225024706,1.32581766366803,75.9637565320735,9,2,1,3,3.2,151.120582373375
"318",304,"2nd Quarter",57,30,21,16,"Shot","Miss","",NA,"mars",10.0498756211209,1.47112767430373,84.2894068625004,21,0,0,10,10,184.184709430496
"319",319,"2nd Quarter",59,63,32,37,"Shot","Score","",NA,"mars",20.0249843945008,0.0499583957219428,2.86240522611175,13,2,1,11,11.2,143.695267705299
"320",335,"2nd Quarter",64,124,49,27,"Shot","Score","",NA,"mars",20.591260281974,1.06369782240256,60.9453959009229,12,2,1,5,5.2,112.496472590275
"321",356,"2nd Quarter",69,170,29,17,"Shot","Score","",NA,"mars",2,-1.5707963267949,-90,24,2,1,9,9.2,229.249562054817
"322",372,"2nd Quarter",73,203,39,34,"Shot","Miss","",NA,"mars",18.7882942280559,0.439842582815736,25.2011236454751,17,0,0,11,11,170.00517242923
"323",389,"2nd Quarter",78,254,27,17,"Shot","Score","",NA,"mars",4,-1.5707963267949,-90,12,2,1,9,9.2,122.945406151079
"324",420,"2nd Quarter",84,495,33,39,"Shot","Miss","",NA,"mars",22.0907220343745,0.0906598872007451,5.19442890773481,5,0,0,11,11,55.8246680923919
"325",432,"2nd Quarter",87,567,32,16,"Shot","Miss","",NA,"mars",1.4142135623731,-0.785398163397448,-45,10,0,0,10,10,153.466853372824
"326",447,"2nd Quarter",91,723,34,18,"Shot","Score","",NA,"mars",3.16227766016838,1.24904577239825,71.565051177078,9,2,1,9,9.2,78.5527085519992
"327",457,"2nd Quarter",93,752,29,17,"Shot","Miss","",NA,"mars",2,-1.5707963267949,-90,11,0,0,9,9,120.459089582164
"328",492,"2nd Quarter",99,864,30,17,"Shot","Miss","",NA,"mars",1,-1.5707963267949,-90,18,0,0,9,9,217.299403378094
"329",507,"2nd Quarter",103,1006,39,38,"Shot","Miss","",NA,"mars",22.4722050542442,0.363978956509644,20.8544580395783,14,0,0,11,11,160.304680244549
"330",521,"2nd Quarter",105,1035,31,18,"Shot","Score","",NA,"mars",1,0,0,14,2,1,9,9.2,146.556287300112
"331",531,"2nd Quarter",107,1065,26,34,"Shot","Miss","",NA,"mars",17.7200451466693,-0.286051441717318,-16.3895403340348,12,0,0,11,11,84.4418503576581
"332",542,"2nd Quarter",109,1097,41,17,"Shot","Miss","",NA,"mars",10,1.5707963267949,90,12,0,0,3,3,97.7950258332287
"333",558,"3rd Quarter",110,19,27,18,"Shot","Score","",NA,"mars",4.12310562561766,-1.32581766366803,-75.9637565320735,14,2,1,10,10.2,118.883622825645
"334",577,"3rd Quarter",113,64,16,23,"Shot","Miss","",NA,"mars",16.1554944214035,-1.19028994968253,-68.1985905136482,21,0,0,4,4,186.531413339675
"335",606,"3rd Quarter",121,222,18,32,"Shot","Score","",NA,"mars",19.8494332412792,-0.714090698612158,-40.9143832200251,14,2,1,6,6.2,159.915501917757
"336",631,"3rd Quarter",127,401,33,20,"Shot","Score","",NA,"mars",3.60555127546399,0.588002603547568,33.6900675259798,8,2,1,9,9.2,123.655707702852
"337",652,"3rd Quarter",129,434,41,36,"Shot","Miss","",NA,"mars",21.4709105535839,0.484477929037023,27.75854060106,20,0,0,11,11,220.611805594574
"338",697,"3rd Quarter",135,688,50,19,"Shot","Miss","",NA,"mars",19.1049731745428,1.46591938806466,83.9909940425055,12,0,0,3,3,131.681029805977
"339",711,"3rd Quarter",137,713,37,19,"Shot","Score","",NA,"mars",6.32455532033676,1.24904577239825,71.565051177078,14,2,1,10,10.2,140.11407219856
"340",716,"3rd Quarter",139,731,29,17,"Shot","Score","",NA,"mars",2,-1.5707963267949,-90,3,2,1,9,9.2,41.3333028408192
"341",737,"3rd Quarter",144,862,38,17,"Shot","TO","",NA,"mars",7,1.5707963267949,90,7,1,0,10,10.1,126.386967791929
"342",749,"3rd Quarter",146,945,32,20,"Shot","Score","",NA,"mars",3.16227766016838,0.321750554396642,18.434948822922,11,2,1,9,9.2,111.283881598528
"343",779,"3rd Quarter",153,1096,10,17,"Shot","Score","",NA,"mars",21,-1.5707963267949,-90,10,2,1,4,4.2,140.098963161407
"344",833,"4th Quarter",161,34,36,16,"Shot","Miss","",NA,"mars",5.09901951359278,-1.37340076694502,-78.6900675259798,19,0,0,10,10,154.84488668689
"345",865,"4th Quarter",167,145,52,18,"Shot","Miss","",NA,"mars",21.0237960416286,1.52321322351791,87.2736890060937,9,0,0,3,3,121.197436547346
"346",890,"4th Quarter",170,202,36,21,"Shot","Miss","",NA,"mars",6.40312423743285,0.896055384571344,51.3401917459099,22,0,0,10,10,225.971164103742
"347",908,"4th Quarter",176,263,36,16,"Shot","Score","",NA,"mars",5.09901951359278,-1.37340076694502,-78.6900675259798,5,2,1,10,10.2,76.4435021051339
"348",942,"4th Quarter",180,458,9,26,"Shot","Score","",NA,"mars",23.7697286480094,-1.18247760862243,-67.7509763427876,16,2,1,6,6.2,168.904409159303
"349",965,"4th Quarter",182,512,27,23,"Shot","Miss","",NA,"mars",7.21110255092798,-0.588002603547568,-33.6900675259798,25,0,0,10,10,249.478430625506
"350",994,"4th Quarter",185,575,35,16,"Shot","Miss","",NA,"mars",4.12310562561766,-1.32581766366803,-75.9637565320735,7,0,0,10,10,85.1524151505228
"351",1008,"4th Quarter",188,605,28,18,"Shot","Score","",NA,"mars",3.16227766016838,-1.24904577239825,-71.565051177078,11,2,1,9,9.2,141.075178292694
"352",1018,"4th Quarter",190,639,39,38,"Shot","Miss","",NA,"mars",22.4722050542442,0.363978956509644,20.8544580395783,11,0,0,11,11,101.97359056415
"353",1031,"4th Quarter",192,782,29,19,"Shot","Score","",NA,"mars",2.82842712474619,-0.785398163397448,-45,13,2,1,9,9.2,109.888419307509
"354",1045,"4th Quarter",194,816,34,16,"Shot","Miss","",NA,"mars",3.16227766016838,-1.24904577239825,-71.565051177078,17,0,0,10,10,130.724659777808
"355",1062,"4th Quarter",196,849,28,37,"Shot","Miss","",NA,"mars",20.2237484161567,-0.148889947609497,-8.53076560994813,16,0,0,11,11,141.127664746753
"356",1076,"4th Quarter",199,883,31,21,"Shot","Score","",NA,"mars",4,0,0,12,2,1,9,9.2,123.347374089443
"357",1084,"4th Quarter",201,915,28,16,"Shot","Miss","",NA,"mars",3.16227766016838,1.24904577239825,71.565051177078,5,0,0,10,10,85.2320966640711
"358",1086,"4th Quarter",203,919,13,27,"Shot","Score","",NA,"mars",20.591260281974,-1.06369782240256,-60.9453959009229,2,2,1,6,6.2,12.0415945787923
"359",1089,"4th Quarter",207,1307,33,19,"Shot","Miss","",NA,"mars",2.82842712474619,0.785398163397448,45,2,0,0,9,9,38.7929772723371
"360",11,"1st Quarter",2,16,35,18,"Shot","Score","Foul",NA,"mars",4.12310562561766,1.32581766366803,75.9637565320735,7,2,1,10,10.2,73.209390603905
"361",29,"1st Quarter",6,90,48,20,"Shot","Score","",NA,"mars",17.2626765016321,1.39612412778666,79.9920201985587,1,2,1,3,3.2,14.422205101856
"362",52,"1st Quarter",9,147,12,25,"Shot","Score","",NA,"mars",20.6155281280883,-1.17227388112848,-67.1663458220824,15,2,1,6,6.2,220.059321465178
"363",65,"1st Quarter",13,238,36,39,"Shot","Miss","",NA,"mars",22.561028345357,0.223476601140633,12.8042660652868,14,0,0,11,11,155.291801851861
"364",71,"1st Quarter",15,295,31,18,"Shot","Score","",NA,"mars",1,0,0,7,2,1,9,9.2,130.245869576209
"365",81,"1st Quarter",18,329,30,19,"Shot","Score","",NA,"mars",2.23606797749979,-0.463647609000806,-26.565051177078,8,2,1,9,9.2,112.154462055156
"366",91,"1st Quarter",20,354,30,19,"Shot","Score","",NA,"mars",2.23606797749979,-0.463647609000806,-26.565051177078,7,2,1,9,9.2,81.497353194855
"367",110,"1st Quarter",22,441,30,39,"Shot","Score","",NA,"mars",22.0227155455452,-0.045423279421577,-2.60256220249981,20,2,1,11,11.2,214.843937984814
"368",123,"1st Quarter",24,464,40,21,"Shot","Foul","",NA,"mars",9.8488578017961,1.15257199721567,66.0375110254218,6,1,0,5,5.1,122.641194087701
"369",145,"1st Quarter",27,540,30,20,"Shot","Miss","",NA,"mars",3.16227766016838,-0.321750554396642,-18.434948822922,20,0,0,9,9,189.619861881645
"370",165,"1st Quarter",29,597,28,19,"Shot","Score","Foul",NA,"mars",3.60555127546399,-0.982793723247329,-56.3099324740202,19,2,1,9,9.2,208.739662685515
"371",175,"1st Quarter",31,663,34,17,"Shot","Foul","TO",NA,"mars",3,1.5707963267949,90,7,1,0,9,9.1,101.567488899129
"372",206,"1st Quarter",35,801,34,17,"Shot","Miss","",NA,"mars",3,1.5707963267949,90,19,0,0,9,9,154.142893403684
"373",226,"1st Quarter",38,856,31,35,"Shot","Score","",NA,"mars",18,0,0,16,2,1,11,11.2,215.085297094976
"374",244,"1st Quarter",40,894,35,19,"Shot","Score","",NA,"mars",4.47213595499958,1.10714871779409,63.434948822922,16,2,1,10,10.2,185.958937806285
"375",265,"1st Quarter",45,930,26,18,"Shot","Miss","",NA,"mars",5.09901951359278,-1.37340076694502,-78.6900675259798,15,0,0,10,10,129.193921816258
"376",278,"1st Quarter",47,964,44,33,"Shot","Miss","",NA,"mars",20.6155281280883,0.682316554874748,39.0938588862295,11,0,0,5,5,142.299830792615
"377",284,"1st Quarter",51,982,14,29,"Shot","Miss","",NA,"mars",20.8086520466848,-0.956133374872731,-54.7824070318073,3,0,0,6,6,65.7489745999666
"378",304,"2nd Quarter",53,60,32,20,"Shot","Miss","",NA,"mars",3.16227766016838,0.321750554396642,18.434948822922,16,0,0,9,9,164.441330721063
"379",323,"2nd Quarter",55,117,18,18,"Shot","Miss","",NA,"mars",13.0384048104053,-1.49402443552512,-85.6012946450045,22,0,0,4,4,178.617456093728
"380",341,"2nd Quarter",58,145,51,18,"Shot","Miss","",NA,"mars",20.0249843945008,1.52083793107295,87.1375947738883,13,0,0,3,3,126.379040236958
"381",343,"2nd Quarter",59,174,15,18,"Shot","Score","",NA,"mars",16.0312195418814,-1.50837751679894,-86.4236656250027,1,2,1,4,4.2,12.0415945787923
"382",373,"2nd Quarter",63,266,31,20,"Shot","Miss","",NA,"mars",3,0,0,15,0,0,9,9,132.677092940756
"383",406,"2nd Quarter",69,358,27,35,"Shot","Score","",NA,"mars",18.4390889145858,-0.218668945873942,-12.5288077091515,10,2,1,11,11.2,84.7828673662343
"384",419,"2nd Quarter",71,377,37,19,"Shot","Miss","",NA,"mars",6.32455532033676,1.24904577239825,71.565051177078,7,0,0,10,10,103.989867303121
"385",444,"2nd Quarter",75,551,35,18,"Shot","Miss","",NA,"mars",4.12310562561766,1.32581766366803,75.9637565320735,12,0,0,10,10,124.873342351748
"386",457,"2nd Quarter",77,597,48,31,"Shot","Miss","",NA,"mars",22.0227155455452,0.881871938580035,50.5275401516562,13,0,0,5,5,145.051021541937
"387",477,"2nd Quarter",79,626,34,20,"Shot","Foul","",NA,"mars",4.24264068711928,0.785398163397448,45,17,1,0,10,10.1,191.307455149241
"388",517,"2nd Quarter",87,879,11,17,"Shot","Miss","",NA,"mars",20,-1.5707963267949,-90,12,0,0,4,4,160.907338730341
"389",550,"2nd Quarter",91,947,27,25,"Shot","Miss","",NA,"mars",8.94427190999916,-0.463647609000806,-26.565051177078,16,0,0,10,10,159.615963945492
"390",565,"2nd Quarter",94,1005,35,20,"Shot","Foul","",NA,"mars",5,0.927295218001612,53.130102354156,13,1,0,10,10.1,91.9236368846485
"391",587,"2nd Quarter",96,1190,22,37,"Shot","Miss","",NA,"mars",21.9317121994613,-0.422853926132941,-24.2277453179542,19,0,0,11,11,146.975683971211
"392",615,"3rd Quarter",101,51,33,18,"Shot","Miss","",NA,"mars",2.23606797749979,1.10714871779409,63.434948822922,16,0,0,9,9,164.738985653918
"393",629,"3rd Quarter",103,69,33,18,"Shot","Miss","",NA,"mars",2.23606797749979,1.10714871779409,63.434948822922,9,0,0,9,9,111.916437475508
"394",638,"3rd Quarter",107,114,33,18,"Shot","Score","",NA,"mars",2.23606797749979,1.10714871779409,63.434948822922,6,2,1,9,9.2,94.2188600664366
"395",657,"3rd Quarter",109,158,29,18,"Shot","Miss","",NA,"mars",2.23606797749979,-1.10714871779409,-63.434948822922,17,0,0,9,9,91.1103465151923
"396",677,"3rd Quarter",111,191,28,17,"Shot","Score","",NA,"mars",3,-1.5707963267949,-90,15,2,1,9,9.2,128.74781291454
"397",692,"3rd Quarter",113,220,35,17,"Shot","Score","",NA,"mars",4,1.5707963267949,90,11,2,1,9,9.2,95.5391738865325
"398",724,"3rd Quarter",125,565,36,37,"Shot","Score","",NA,"mars",20.6155281280883,0.244978663126864,14.0362434679265,8,2,1,11,11.2,85.5023098438573
"399",751,"3rd Quarter",129,655,50,25,"Shot","Score","",NA,"mars",20.6155281280883,1.17227388112848,67.1663458220824,13,2,1,5,5.2,140.816787313491
"400",772,"3rd Quarter",131,752,50,19,"Shot","Miss","",NA,"mars",19.1049731745428,1.46591938806466,83.9909940425055,21,0,0,3,3,268.17195130332
"401",786,"3rd Quarter",135,836,34,18,"Shot","Foul","",NA,"mars",3.16227766016838,1.24904577239825,71.565051177078,15,1,0,9,9.1,122.316882404269
"402",788,"3rd Quarter",136,863,52,22,"Shot","Miss","",NA,"mars",21.5870331449229,1.337053145926,76.6075022462489,1,0,0,3,3,18.3847763108502
"403",801,"3rd Quarter",138,893,31,19,"Shot","Score","",NA,"mars",2,0,0,12,2,1,9,9.2,172.979381904297
"404",820,"3rd Quarter",140,976,30,17,"Shot","Score","",NA,"mars",1,-1.5707963267949,-90,16,2,1,9,9.2,113.611624018628
"405",855,"3rd Quarter",151,1159,28,18,"Shot","Score","",NA,"mars",3.16227766016838,-1.24904577239825,-71.565051177078,3,2,1,9,9.2,40.4832855665537
"406",864,"4th Quarter",154,50,30,19,"Shot","Score","",NA,"mars",2.23606797749979,-0.463647609000806,-26.565051177078,10,2,1,9,9.2,103.325862066046
"407",881,"4th Quarter",156,85,28,18,"Shot","Miss","",NA,"mars",3.16227766016838,-1.24904577239825,-71.565051177078,13,0,0,9,9,179.327952445654
"408",895,"4th Quarter",159,157,52,27,"Shot","Score","",NA,"mars",23.259406699226,1.1263771168938,64.5366549381284,13,2,1,5,5.2,166.495140522998
"409",903,"4th Quarter",162,196,29,20,"Shot","Score","",NA,"mars",3.60555127546399,-0.588002603547568,-33.6900675259798,5,2,1,9,9.2,84.7751841198819
"410",916,"4th Quarter",165,291,10,18,"Shot","Score","",NA,"mars",21.0237960416286,-1.52321322351791,-87.2736890060937,13,2,1,4,4.2,168.647045537667
"411",922,"4th Quarter",167,303,32,18,"Shot","Score","",NA,"mars",1.4142135623731,0.785398163397448,45,3,2,1,9,9.2,54.2083522487592
"412",946,"4th Quarter",171,438,38,28,"Shot","Miss","",NA,"mars",13.0384048104053,0.566729217523506,32.4711922908485,19,0,0,10,10,214.947529982548
"413",962,"4th Quarter",173,465,37,34,"Shot","Miss","",NA,"mars",18.0277563773199,0.339292614454045,19.4400348281762,14,0,0,11,11,145.959733483407
"414",984,"4th Quarter",178,620,26,18,"Shot","Miss","",NA,"mars",5.09901951359278,-1.37340076694502,-78.6900675259798,12,0,0,10,10,126.679452485595
"415",1013,"4th Quarter",184,743,53,17,"Shot","Miss","",NA,"mars",22,1.5707963267949,90,19,0,0,3,3,186.042855944365
"416",1053,"4th Quarter",189,833,35,18,"Shot","Score","Foul",NA,"mars",4.12310562561766,1.32581766366803,75.9637565320735,18,2,1,10,10.2,150.946879904742
"417",1071,"4th Quarter",192,999,35,40,"Shot","Miss","",NA,"mars",23.3452350598575,0.172190814522939,9.86580694308437,14,0,0,11,11,141.59178697711
"418",1101,"4th Quarter",195,1072,51,24,"Shot","Miss","",NA,"mars",21.1896201004171,1.23412150740817,70.7099537808113,13,0,0,3,3,88.3586170928261
"419",1124,"4th Quarter",199,1150,35,19,"Shot","Score","Foul",NA,"mars",4.47213595499958,1.10714871779409,63.434948822922,22,2,1,10,10.2,215.089652665423
"420",30,"1st Quarter",5,48,30,28,"Shot","Score","",NA,"mars",11.0453610171873,-0.0906598872007451,-5.19442890773481,21,2,1,10,10.2,193.54481235886
"421",45,"1st Quarter",7,83,33,21,"Shot","Miss","",NA,"mars",4.47213595499958,0.463647609000806,26.565051177078,17,0,0,10,10,181.19224307823
"422",75,"1st Quarter",9,117,45,34,"Shot","Miss","",NA,"mars",22.0227155455452,0.688924388214861,39.4724598483438,24,0,0,5,5,214.504593352491
"423",77,"1st Quarter",10,121,51,27,"Shot","Score","",NA,"mars",22.3606797749979,1.10714871779409,63.434948822922,1,2,1,5,5.2,7.81024967590665
"424",90,"1st Quarter",12,141,34,20,"Shot","Score","",NA,"mars",4.24264068711928,0.785398163397448,45,8,2,1,10,10.2,92.1611759739025
"425",117,"1st Quarter",14,177,25,33,"Shot","Score","",NA,"mars",17.0880074906351,-0.358770670270572,-20.5560452195835,24,2,1,11,11.2,152.630980932296
"426",133,"1st Quarter",16,199,29,19,"Shot","Miss","",NA,"mars",2.82842712474619,-0.785398163397448,-45,13,0,0,9,9,135.75906268248
"427",143,"1st Quarter",18,254,17,35,"Shot","Miss","",NA,"mars",22.8035085019828,-0.661043168850687,-37.8749836510982,9,0,0,6,6,100.091113364322
"428",164,"1st Quarter",23,310,48,32,"Shot","Miss","",NA,"mars",22.6715680975093,0.847816973393406,48.5763343749974,10,0,0,5,5,101.021158907193
"429",176,"1st Quarter",25,339,39,21,"Shot","Score","",NA,"mars",8.94427190999916,1.10714871779409,63.434948822922,14,2,1,10,10.2,97.3940888377548
"430",185,"1st Quarter",27,359,10,18,"Shot","Score","",NA,"mars",21.0237960416286,-1.52321322351791,-87.2736890060937,5,2,1,4,4.2,85.299786191968
"431",224,"1st Quarter",31,455,25,16,"Shot","Miss","",NA,"mars",6.08276253029822,1.40564764938027,80.5376777919744,9,0,0,10,10,137.08119902475
"432",252,"1st Quarter",35,527,13,28,"Shot","Miss","",NA,"mars",21.095023109729,-1.02224692434437,-58.5704343851615,6,0,0,6,6,91.0626852085264
"433",275,"1st Quarter",37,555,31,26,"Shot","Score","",NA,"mars",9,0,0,16,2,1,10,10.2,163.41799707583
"434",291,"1st Quarter",39,601,31,21,"Shot","Score","",NA,"mars",4,0,0,12,2,1,9,9.2,130.285231649416
"435",302,"1st Quarter",41,633,33,18,"Shot","Score","",NA,"mars",2.23606797749979,1.10714871779409,63.434948822922,7,2,1,9,9.2,92.1299007798815
"436",335,"1st Quarter",46,835,26,33,"Shot","Miss","",NA,"mars",16.7630546142402,-0.302884868374971,-17.3540246362613,9,0,0,11,11,119.71563163399
"437",365,"2nd Quarter",49,80,30,18,"Shot","Score","",NA,"mars",1.4142135623731,-0.785398163397448,-45,19,2,1,9,9.2,156.706495531366
"438",401,"2nd Quarter",53,174,42,35,"Shot","Miss","",NA,"mars",21.095023109729,0.548549402450528,31.4295656148385,18,0,0,5,5,184.339184944957
"439",419,"2nd Quarter",55,200,47,25,"Shot","Score","",NA,"mars",17.8885438199983,1.10714871779409,63.434948822922,17,2,1,5,5.2,167.042383610738
"440",438,"2nd Quarter",57,244,33,24,"Shot","Miss","",NA,"mars",7.28010988928052,0.278299659005111,15.9453959009229,16,0,0,10,10,194.453069840767
"441",459,"2nd Quarter",59,283,17,27,"Shot","Miss","",NA,"mars",17.2046505340853,-0.950546840812075,-54.4623222080256,22,0,0,6,6,168.91506897257
"442",486,"2nd Quarter",62,415,32,21,"Shot","Score","",NA,"mars",4.12310562561766,0.244978663126864,14.0362434679265,24,2,1,10,10.2,174.068456529124
"443",499,"2nd Quarter",64,445,31,24,"Shot","Miss","",NA,"mars",7,0,0,10,0,0,10,10,119.444431933862
"444",520,"2nd Quarter",66,474,29,38,"Shot","Score","",NA,"mars",21.095023109729,-0.0949517063427563,-5.44033203100551,17,2,1,11,11.2,186.993308575684
"445",552,"2nd Quarter",72,632,12,16,"Shot","Miss","",NA,"mars",19.0262975904404,1.51821326518395,86.9872124958167,11,0,0,10,10,155.774063408918
"446",581,"2nd Quarter",76,745,33,18,"Shot","Score","",NA,"mars",2.23606797749979,1.10714871779409,63.434948822922,14,2,1,9,9.2,157.684242312264
"447",610,"2nd Quarter",81,848,38,35,"Shot","Miss","",NA,"mars",19.313207915828,0.370891288812662,21.2505055071332,12,0,0,11,11,88.7251901624355
"448",628,"2nd Quarter",84,885,18,34,"Shot","Score","",NA,"mars",21.4009345590327,-0.652846631100774,-37.4053566314086,11,2,1,6,6.2,162.36121323941
"449",645,"2nd Quarter",86,923,34,21,"Shot","Score","",NA,"mars",5,0.643501108793284,36.869897645844,13,2,1,10,10.2,129.50294378095
"450",681,"3rd Quarter",92,26,35,18,"Shot","Score","",NA,"mars",4.12310562561766,1.32581766366803,75.9637565320735,17,2,1,10,10.2,131.275577521602
"451",702,"3rd Quarter",95,97,37,18,"Shot","Score","",NA,"mars",6.08276253029822,1.40564764938027,80.5376777919744,16,2,1,10,10.2,176.171339319144
"452",717,"3rd Quarter",97,128,34,22,"Shot","Miss","",NA,"mars",5.8309518948453,0.540419500270584,30.9637565320735,10,0,0,10,10,107.179403331539
"453",738,"3rd Quarter",99,161,34,25,"Shot","Miss","",NA,"mars",8.54400374531753,0.358770670270572,20.5560452195835,20,0,0,10,10,146.842136760611
"454",755,"3rd Quarter",104,243,25,37,"Shot","Miss","",NA,"mars",20.8806130178211,-0.291456794477867,-16.6992442339936,6,0,0,11,11,43.0175226174066
"455",785,"3rd Quarter",108,298,36,19,"Shot","Score","",NA,"mars",5.3851648071345,1.19028994968253,68.1985905136482,23,2,1,10,10.2,166.296154439082
"456",806,"3rd Quarter",111,363,30,20,"Shot","Score","",NA,"mars",3.16227766016838,-0.321750554396642,-18.434948822922,20,2,1,9,9.2,246.189232803441
"457",814,"3rd Quarter",113,393,38,25,"Shot","Miss","",NA,"mars",10.6301458127346,0.718829999621625,41.1859251657096,4,0,0,10,10,69.7088904312233
"458",839,"3rd Quarter",116,529,31,31,"Shot","Miss","",NA,"mars",14,0,0,23,0,0,10,10,233.255012842695
"459",874,"3rd Quarter",120,605,11,19,"Shot","Score","",NA,"mars",20.0997512422418,-1.47112767430373,-84.2894068625004,20,2,1,4,4.2,197.177023535825
"460",885,"3rd Quarter",122,643,28,19,"Shot","Miss","",NA,"mars",3.60555127546399,-0.982793723247329,-56.3099324740202,9,0,0,9,9,106.165096088834
"461",887,"3rd Quarter",123,647,39,37,"Shot","Miss","",NA,"mars",21.540659228538,0.380506377112365,21.8014094863518,2,0,0,11,11,7.61577310586391
"462",918,"3rd Quarter",128,782,33,28,"Shot","Miss","",NA,"mars",11.1803398874989,0.179853499792478,10.304846468766,14,0,0,10,10,172.84454688668
"463",940,"3rd Quarter",133,891,33,17,"Shot","Miss","",NA,"mars",2,1.5707963267949,90,11,0,0,9,9,154.272156786523
"464",951,"3rd Quarter",135,912,34,15,"Shot","Score","",NA,"mars",3.60555127546399,-0.982793723247329,-56.3099324740202,8,2,1,10,10.2,131.355693575725
"465",982,"4th Quarter",144,240,35,19,"Shot","Score","",NA,"mars",4.47213595499958,1.10714871779409,63.434948822922,3,2,1,10,10.2,62.1643055283112
"466",997,"4th Quarter",147,274,35,20,"Shot","Score","",NA,"mars",5,0.927295218001612,53.130102354156,13,2,1,10,10.2,163.624247294404
"467",1009,"4th Quarter",149,330,50,28,"Shot","Score","",NA,"mars",21.9544984001001,1.04600055514479,59.9314171781376,10,2,1,5,5.2,110.14088306312
"468",1016,"4th Quarter",151,350,33,18,"Shot","Score","",NA,"mars",2.23606797749979,1.10714871779409,63.434948822922,5,2,1,9,9.2,57.4063945914676
"469",1027,"4th Quarter",155,494,29,18,"Shot","Miss","",NA,"mars",2.23606797749979,-1.10714871779409,-63.434948822922,9,0,0,9,9,82.9325783437092
"470",1043,"4th Quarter",159,567,24,21,"Shot","Score","",NA,"mars",8.06225774829855,-1.05165021254837,-60.2551187030578,8,2,1,10,10.2,104.488841116377
"471",1058,"4th Quarter",162,633,35,17,"Shot","Miss","",NA,"mars",4,1.5707963267949,90,17,0,0,9,9,159.093641605249
"472",1074,"4th Quarter",165,705,32,22,"Shot","Score","",NA,"mars",5.09901951359278,0.197395559849881,11.3099324740202,16,2,1,10,10.2,161.063435569632
"473",1101,"4th Quarter",170,805,33,34,"Shot","Score","",NA,"mars",17.1172427686237,0.117108744566864,6.70983680775693,11,2,1,11,11.2,116.00854367478
"474",1110,"4th Quarter",172,831,27,18,"Shot","Score","",NA,"mars",4.12310562561766,-1.32581766366803,-75.9637565320735,6,2,1,10,10.2,80.6167017719328
"475",1120,"4th Quarter",175,954,34,21,"Shot","Miss","",NA,"mars",5,0.643501108793284,36.869897645844,7,0,0,10,10,100.930595784998
"476",1135,"4th Quarter",177,982,40,38,"Shot","Miss","",NA,"mars",22.8473193175917,0.404891786285083,23.1985905136482,16,0,0,11,11,135.504937483391
"477",1145,"4th Quarter",178,992,33,17,"Shot","Score","",NA,"mars",2,1.5707963267949,90,8,2,1,9,9.2,84.0231492462047
"478",1157,"4th Quarter",180,1030,14,30,"Shot","Miss","",NA,"mars",21.4009345590327,-0.917949695694122,-52.5946433685914,15,0,0,6,6,112.036430515193
"479",1173,"4th Quarter",184,1132,48,32,"Shot","Score","",NA,"mars",22.6715680975093,0.847816973393406,48.5763343749974,12,2,1,5,5.2,114.202897643808
"480",1199,"4th Quarter",188,1380,33,19,"Shot","Score","",NA,"mars",2.82842712474619,0.785398163397448,45,24,2,1,9,9.2,198.35658504387
"481",14,"1st Quarter",2,76,36,19,"Shot","Score","",NA,"mars",5.3851648071345,1.19028994968253,68.1985905136482,14,2,1,10,10.2,178.402076512508
"482",42,"1st Quarter",5,168,40,28,"Shot","Score","",NA,"mars",14.2126704035519,0.685729510906286,39.2894068625004,4,2,1,5,5.2,57.6361629814105
"483",53,"1st Quarter",7,219,32,27,"Shot","Miss","",NA,"mars",10.0498756211209,0.099668652491162,5.71059313749964,3,0,0,10,10,39.9645493843306
"484",60,"1st Quarter",9,246,48,16,"Shot","Score","",NA,"mars",17.0293863659264,-1.51204050407917,-86.6335393365702,1,2,1,10,10.2,22.6817296017051
"485",97,"1st Quarter",12,504,52,21,"Shot","Miss","",NA,"mars",21.3775583264319,1.38257482149013,79.2157021324374,5,0,0,3,3,87.6338315411346
"486",99,"1st Quarter",13,508,29,19,"Shot","Score","",NA,"mars",2.82842712474619,-0.785398163397448,-45,1,2,1,9,9.2,3.60555127546399
"487",112,"1st Quarter",15,566,34,17,"Shot","Miss","",NA,"mars",3,1.5707963267949,90,3,0,0,9,9,50.8226461742773
"488",136,"1st Quarter",17,630,10,21,"Shot","Score","",NA,"mars",21.3775583264319,-1.38257482149013,-79.2157021324374,11,2,1,4,4.2,109.972149740114
"489",161,"1st Quarter",18,734,35,38,"Shot","Miss","",NA,"mars",21.3775583264319,0.188221505304771,10.7842978675626,18,0,0,11,11,165.087773414717
"490",181,"1st Quarter",19,800,15,30,"Shot","Miss","",NA,"mars",20.6155281280883,-0.888479771920149,-50.9061411137705,16,0,0,6,6,190.617649983035
"491",197,"1st Quarter",20,880,28,17,"Shot","Score","",NA,"mars",3,-1.5707963267949,-90,12,2,1,9,9.2,140.163451994152
"492",258,"1st Quarter",26,1128,29,17,"Shot","Miss","",NA,"mars",2,-1.5707963267949,-90,12,0,0,9,9,142.412781984491
"493",270,"1st Quarter",27,1149,36,24,"Shot","Miss","",NA,"mars",8.60232526704263,0.620249485982821,35.5376777919744,9,0,0,10,10,117.057188954511
"494",292,"1st Quarter",28,1237,33,16,"Shot","Score","",NA,"mars",2.23606797749979,-1.10714871779409,-63.434948822922,15,2,1,10,10.2,167.392006599404
"495",337,"2nd Quarter",31,122,33,17,"Shot","Miss","",NA,"mars",2,1.5707963267949,90,19,0,0,9,9,164.984235095469
"496",339,"2nd Quarter",32,124,34,18,"Shot","Score","",NA,"mars",3.16227766016838,1.24904577239825,71.565051177078,2,2,1,9,9.2,1
"497",356,"2nd Quarter",34,219,36,34,"Shot","Miss","",NA,"mars",17.7200451466693,0.286051441717318,16.3895403340348,10,0,0,11,11,86.2959124196125
"498",358,"2nd Quarter",35,224,34,18,"Shot","Score","",NA,"mars",3.16227766016838,1.24904577239825,71.565051177078,2,2,1,9,9.2,4.47213595499958
"499",376,"2nd Quarter",36,255,45,32,"Shot","Miss","",NA,"mars",20.5182845286832,0.75092906239794,43.025065989118,10,0,0,5,5,138.366554251862
"500",387,"2nd Quarter",37,276,12,23,"Shot","Score","",NA,"mars",19.9248588451713,-1.26491745539004,-72.4744316262771,7,2,1,4,4.2,100.026684015304
"501",409,"2nd Quarter",38,429,30,19,"Shot","Score","",NA,"mars",2.23606797749979,-0.463647609000806,-26.565051177078,17,2,1,9,9.2,220.401195167972
"502",429,"2nd Quarter",39,466,12,23,"Shot","Score","",NA,"mars",19.9248588451713,-1.26491745539004,-72.4744316262771,16,2,1,4,4.2,185.32477143955
"503",436,"2nd Quarter",40,498,28,38,"Shot","Miss","",NA,"mars",21.2132034355964,-0.141897054604164,-8.13010235415598,8,0,0,11,11,80.9002812191905
"504",476,"2nd Quarter",43,687,35,38,"Shot","Miss","",NA,"mars",21.3775583264319,0.188221505304771,10.7842978675626,10,0,0,11,11,133.90602746005
"505",512,"2nd Quarter",45,759,39,25,"Shot","Miss","",NA,"mars",11.3137084989848,0.785398163397448,45,22,0,0,10,10,231.670626913891
"506",524,"2nd Quarter",48,796,47,16,"Shot","Score","",NA,"mars",16.0312195418814,-1.50837751679894,-86.4236656250027,8,2,1,10,10.2,129.705642062644
"507",534,"2nd Quarter",49,819,33,31,"Shot","Miss","",NA,"mars",14.142135623731,0.141897054604164,8.13010235415598,7,0,0,10,10,92.7303380218927
"508",543,"2nd Quarter",50,848,42,37,"Shot","Miss","",NA,"mars",22.8254244210267,0.502843210927861,28.8107937429731,4,0,0,11,11,80.5655371615724
"509",563,"2nd Quarter",53,995,52,20,"Shot","Score","",NA,"mars",21.2132034355964,1.42889927219073,81.869897645844,4,2,1,3,3.2,113.247017171509
"510",594,"2nd Quarter",56,1154,10,16,"Shot","Miss","",NA,"mars",21.0237960416286,1.52321322351791,87.2736890060937,10,0,0,10,10,137.18997230049
"511",637,"3rd Quarter",60,98,26,29,"Shot","Score","",NA,"mars",13,-0.394791119699762,-22.6198649480404,6,2,1,10,10.2,78.8560805325233
"512",679,"3rd Quarter",64,293,16,35,"Shot","Miss","",NA,"mars",23.43074902772,-0.694738276196703,-39.8055710922652,7,0,0,6,6,112.639713659383
"513",699,"3rd Quarter",65,391,27,22,"Shot","Miss","",NA,"mars",6.40312423743285,-0.674740942223553,-38.6598082540901,19,0,0,10,10,131.315686679428
"514",712,"3rd Quarter",67,463,16,17,"Shot","Miss","",NA,"mars",15,-1.5707963267949,-90,11,0,0,4,4,94.8532572359907
"515",716,"3rd Quarter",68,469,42,36,"Shot","Score","",NA,"mars",21.9544984001001,0.524795771650107,30.0685828218625,2,2,1,11,11.2,42.4759652864318
"516",724,"3rd Quarter",69,606,29,16,"Shot","Score","",NA,"mars",2.23606797749979,1.10714871779409,63.434948822922,5,2,1,10,10.2,90.7098058971267
"517",741,"3rd Quarter",70,682,39,39,"Shot","Score","",NA,"mars",23.4093998214393,0.348771003583907,19.9831065219,11,2,1,11,11.2,156.479404525635
"518",803,"3rd Quarter",76,1090,27,29,"Shot","Miss","",NA,"mars",12.6491106406735,-0.321750554396642,-18.434948822922,18,0,0,10,10,117.630707014649
"519",808,"3rd Quarter",77,1096,37,21,"Shot","Miss","",NA,"mars",7.21110255092798,0.982793723247329,56.3099324740202,4,0,0,10,10,45.8834376827973
"520",849,"3rd Quarter",79,1212,34,17,"Shot","Score","",NA,"mars",3,1.5707963267949,90,17,2,1,9,9.2,102.128870884763
"521",876,"4th Quarter",81,15,29,21,"Shot","Miss","",NA,"mars",4.47213595499958,-0.463647609000806,-26.565051177078,5,0,0,10,10,69.339196949124
"522",878,"4th Quarter",82,19,33,18,"Shot","Score","",NA,"mars",2.23606797749979,1.10714871779409,63.434948822922,2,2,1,9,9.2,1.4142135623731
"523",898,"4th Quarter",84,67,29,18,"Shot","Miss","",NA,"mars",2.23606797749979,-1.10714871779409,-63.434948822922,21,0,0,9,9,106.16441834703
"524",916,"4th Quarter",85,112,33,16,"Shot","Score","",NA,"mars",2.23606797749979,-1.10714871779409,-63.434948822922,14,2,1,10,10.2,174.983970649807
"525",951,"4th Quarter",87,170,30,17,"Shot","Score","",NA,"mars",1,-1.5707963267949,-90,19,2,1,9,9.2,127.768067827217
"526",963,"4th Quarter",88,237,28,16,"Shot","Score","",NA,"mars",3.16227766016838,1.24904577239825,71.565051177078,11,2,1,10,10.2,118.087233984371
"527",1011,"4th Quarter",91,373,31,31,"Shot","Score","",NA,"mars",14,0,0,20,2,1,10,10.2,184.547170756741
"528",1060,"4th Quarter",93,451,32,21,"Shot","Miss","",NA,"mars",4.12310562561766,0.244978663126864,14.0362434679265,17,0,0,10,10,172.755200177318
"529",1065,"4th Quarter",94,457,32,29,"Shot","Miss","",NA,"mars",12.0415945787923,0.0831412318884412,4.76364169072618,3,0,0,10,10,22.4430897616992
"530",1105,"4th Quarter",97,581,32,19,"Shot","Score","",NA,"mars",2.23606797749979,0.463647609000806,26.565051177078,8,2,1,9,9.2,87.6898216358871
"531",1125,"4th Quarter",98,688,20,15,"Shot","Miss","",NA,"mars",11.1803398874989,1.39094282700242,79.695153531234,14,0,0,10,10,154.386739154784
"532",1147,"4th Quarter",99,847,43,35,"Shot","Miss","",NA,"mars",21.6333076527839,0.588002603547568,33.6900675259798,18,0,0,5,5,154.865001213957
"533",1185,"4th Quarter",101,911,29,17,"Shot","Score","",NA,"mars",2,-1.5707963267949,-90,13,2,1,9,9.2,151.214606963753
"534",1214,"4th Quarter",102,1043,28,27,"Shot","Miss","",NA,"mars",10.4403065089106,-0.291456794477867,-16.6992442339936,22,0,0,10,10,173.798925175896
"535",1227,"4th Quarter",104,1174,35,19,"Shot","Score","",NA,"mars",4.47213595499958,1.10714871779409,63.434948822922,13,2,1,10,10.2,127.834254986977
"536",1242,"4th Quarter",105,1235,32,20,"Shot","Score","",NA,"mars",3.16227766016838,0.321750554396642,18.434948822922,12,2,1,9,9.2,143.908302304051
"537",1257,"4th Quarter",106,1353,21,28,"Shot","Miss","",NA,"mars",14.8660687473185,-0.737815060120465,-42.2736890060937,10,0,0,6,6,113.38505357273
"538",26,"1st Quarter",5,77,34,17,"Shot","Miss","",NA,"mars",3,1.5707963267949,90,17,0,0,9,9,131.939001213456
"539",44,"1st Quarter",7,108,32,39,"Shot","Miss","",NA,"mars",22.0227155455452,0.045423279421577,2.60256220249981,15,0,0,11,11,184.455216427889
"540",69,"1st Quarter",11,176,28,38,"Shot","Miss","",NA,"mars",21.2132034355964,-0.141897054604164,-8.13010235415598,10,0,0,11,11,136.05450079311
"541",88,"1st Quarter",17,301,29,17,"Shot","Score","",NA,"mars",2,-1.5707963267949,-90,4,2,1,9,9.2,58.9005020056393
"542",98,"1st Quarter",19,330,52,18,"Shot","Miss","",NA,"mars",21.0237960416286,1.52321322351791,87.2736890060937,7,0,0,3,3,90.5793066059938
"543",109,"1st Quarter",20,343,25,18,"Shot","Miss","",NA,"mars",6.08276253029822,-1.40564764938027,-80.5376777919744,10,0,0,10,10,76.6092224307453
"544",113,"1st Quarter",21,350,29,30,"Shot","Score","",NA,"mars",13.1529464379659,-0.152649328395265,-8.74616226255521,3,2,1,10,10.2,26.2357250256364
"545",127,"1st Quarter",23,383,26,19,"Shot","Miss","",NA,"mars",5.3851648071345,-1.19028994968253,-68.1985905136482,11,0,0,10,10,108.721843305259
"546",136,"1st Quarter",24,425,32,22,"Shot","Miss","",NA,"mars",5.09901951359278,0.197395559849881,11.3099324740202,8,0,0,10,10,86.7833622762318
"547",157,"1st Quarter",29,480,48,32,"Shot","Score","",NA,"mars",22.6715680975093,0.847816973393406,48.5763343749974,15,2,1,5,5.2,173.541139121238
"548",190,"1st Quarter",33,614,17,34,"Shot","Miss","",NA,"mars",22.0227155455452,-0.688924388214861,-39.4724598483438,12,0,0,6,6,160.088891991197
"549",198,"1st Quarter",34,628,47,30,"Shot","Miss","",NA,"mars",20.6155281280883,0.888479771920149,50.9061411137705,10,0,0,5,5,101.925087194441
"550",219,"1st Quarter",36,667,38,30,"Shot","Miss","",NA,"mars",14.7648230602334,0.493941368919581,28.3007557660064,23,0,0,10,10,237.336880906358
"551",237,"1st Quarter",38,714,15,30,"Shot","Miss","",NA,"mars",20.6155281280883,-0.888479771920149,-50.9061411137705,20,0,0,6,6,171.122350160973
"552",248,"1st Quarter",41,792,28,34,"Shot","Score","",NA,"mars",17.2626765016321,-0.17467219900824,-10.0079798014413,11,2,1,11,11.2,97.6416221242877
"553",256,"2nd Quarter",44,46,10,22,"Shot","Miss","",NA,"mars",21.5870331449229,-1.337053145926,-76.6075022462489,5,0,0,4,4,94.918847070453
"554",283,"2nd Quarter",48,161,33,21,"Shot","Miss","",NA,"mars",4.47213595499958,0.463647609000806,26.565051177078,10,0,0,10,10,104.031966167999
"555",290,"2nd Quarter",51,198,34,17,"Shot","Score","",NA,"mars",3,1.5707963267949,90,3,2,1,9,9.2,58.5321939976924
"556",303,"2nd Quarter",54,282,11,19,"Shot","Score","",NA,"mars",20.0997512422418,-1.47112767430373,-84.2894068625004,13,2,1,4,4.2,140.813653696916
"557",314,"2nd Quarter",57,370,17,32,"Shot","Miss","",NA,"mars",20.5182845286832,-0.75092906239794,-43.025065989118,8,0,0,6,6,104.692441239959
"558",323,"2nd Quarter",59,398,47,34,"Shot","Score","",NA,"mars",23.3452350598575,0.755104403478673,43.2642954110716,10,2,1,5,5.2,164.281835051032
"559",337,"2nd Quarter",63,574,10,15,"Shot","Miss","",NA,"mars",21.095023109729,1.47584462045214,84.5596679689945,8,0,0,10,10,64.6131604210542
"560",344,"2nd Quarter",64,600,34,16,"Shot","Score","",NA,"mars",3.16227766016838,-1.24904577239825,-71.565051177078,5,2,1,10,10.2,52.2327932847349
"561",365,"2nd Quarter",66,680,33,38,"Shot","Score","",NA,"mars",21.095023109729,0.0949517063427563,5.44033203100551,18,2,1,11,11.2,224.998021170708
"562",384,"2nd Quarter",71,749,46,16,"Shot","Miss","",NA,"mars",15.0332963783729,-1.50422816301907,-86.1859251657096,7,0,0,10,10,89.0420868895037
"563",402,"2nd Quarter",73,795,12,34,"Shot","Miss","",NA,"mars",25.4950975679639,-0.840896668643165,-48.1798301198642,10,0,0,8,8,125.909363265203
"564",415,"2nd Quarter",75,938,15,34,"Shot","Miss","",NA,"mars",23.3452350598575,-0.755104403478673,-43.2642954110716,16,0,0,6,6,125.160794010696
"565",446,"2nd Quarter",79,1037,11,20,"Shot","Miss","",NA,"mars",20.2237484161567,-1.4219063791854,-81.4692343900519,20,0,0,4,4,179.664838953955
"566",472,"2nd Quarter",81,1112,30,28,"Shot","Miss","",NA,"mars",11.0453610171873,-0.0906598872007451,-5.19442890773481,21,0,0,10,10,245.492432419311
"567",507,"2nd Quarter",87,1259,50,22,"Shot","Miss","",NA,"mars",19.6468827043885,1.31347261182381,75.2564371635293,18,0,0,3,3,142.552632693197
"568",598,"3rd Quarter",101,313,31,23,"Shot","Miss","",NA,"mars",6,0,0,12,0,0,10,10,181.85443522809
"569",600,"3rd Quarter",102,316,35,16,"Shot","Score","",NA,"mars",4.12310562561766,-1.32581766366803,-75.9637565320735,0,2,1,10,10.2,4.12310562561766
"570",622,"3rd Quarter",108,457,37,21,"Shot","Miss","",NA,"mars",7.21110255092798,0.982793723247329,56.3099324740202,9,0,0,10,10,121.590804528185
"571",626,"3rd Quarter",109,482,34,18,"Shot","Score","",NA,"mars",3.16227766016838,1.24904577239825,71.565051177078,3,2,1,9,9.2,28.9076715602776
"572",632,"3rd Quarter",111,519,32,39,"Shot","Score","",NA,"mars",22.0227155455452,0.045423279421577,2.60256220249981,3,2,1,11,11.2,56.705993958906
"573",647,"3rd Quarter",114,556,46,34,"Shot","Miss","",NA,"mars",22.6715680975093,0.722979353401491,41.4236656250027,12,0,0,5,5,136.557932868419
"574",659,"3rd Quarter",117,674,18,29,"Shot","Miss","",NA,"mars",17.6918060129541,-0.825376850520738,-47.2906100426385,9,0,0,6,6,104.523682579846
"575",672,"3rd Quarter",120,745,36,23,"Shot","Score","",NA,"mars",7.81024967590665,0.694738276196703,39.8055710922652,12,2,1,10,10.2,138.015798490148
"576",703,"3rd Quarter",124,981,42,38,"Shot","Miss","",NA,"mars",23.7065391822594,0.482513295022477,27.6459753637387,13,0,0,11,11,156.875834327466
"577",742,"3rd Quarter",131,1149,37,38,"Shot","Miss","",NA,"mars",21.8403296678416,0.278299659005111,15.9453959009229,14,0,0,11,11,159.734694564789
"578",759,"3rd Quarter",133,1225,46,18,"Shot","Score","",NA,"mars",15.0332963783729,1.50422816301907,86.1859251657096,17,2,1,3,3.2,157.096233066752
"579",772,"3rd Quarter",135,1294,30,17,"Shot","Miss","",NA,"mars",1,-1.5707963267949,-90,9,0,0,9,9,131.915695877509
"580",781,"4th Quarter",137,36,28,19,"Shot","Miss","",NA,"mars",3.60555127546399,-0.982793723247329,-56.3099324740202,8,0,0,9,9,93.088479774548
"581",783,"4th Quarter",138,39,33,17,"Shot","Score","",NA,"mars",2,1.5707963267949,90,2,2,1,9,9.2,2
"582",795,"4th Quarter",140,63,35,18,"Shot","Miss","",NA,"mars",4.12310562561766,1.32581766366803,75.9637565320735,7,0,0,10,10,89.3232778124133
"583",802,"4th Quarter",143,120,29,17,"Shot","Score","",NA,"mars",2,-1.5707963267949,-90,4,2,1,9,9.2,78.7375258815987
"584",824,"4th Quarter",145,164,33,17,"Shot","Score","",NA,"mars",2,1.5707963267949,90,22,2,1,9,9.2,177.23249815902
"585",854,"4th Quarter",152,375,21,18,"Shot","Miss","",NA,"mars",10.0498756211209,-1.47112767430373,-84.2894068625004,10,0,0,4,4,83.8149971900164
"586",865,"4th Quarter",155,451,36,40,"Shot","Score","",NA,"mars",23.5372045918796,0.214060683563821,12.2647737278924,9,2,1,11,11.2,117.00539970006
"587",892,"4th Quarter",160,594,10,23,"Shot","Miss","",NA,"mars",21.8403296678416,-1.29249666778979,-74.0546040990772,7,0,0,4,4,95.0494566545347
"588",909,"4th Quarter",163,622,24,27,"Shot","Miss","",NA,"mars",12.2065556157337,-0.610725964389209,-34.9920201985587,13,0,0,10,10,148.703869501048
"589",923,"4th Quarter",165,655,32,20,"Shot","Miss","",NA,"mars",3.16227766016838,0.321750554396642,18.434948822922,14,0,0,9,9,129.53725492558
"590",931,"4th Quarter",168,689,31,33,"Shot","Miss","",NA,"mars",16,0,0,4,0,0,11,11,63.0426612157364
"591",943,"4th Quarter",170,809,28,18,"Shot","Score","",NA,"mars",3.16227766016838,-1.24904577239825,-71.565051177078,12,2,1,9,9.2,112.110639742787
"592",965,"4th Quarter",173,881,33,18,"Shot","Miss","",NA,"mars",2.23606797749979,1.10714871779409,63.434948822922,3,0,0,9,9,23.5470117268712
"593",974,"4th Quarter",175,905,29,32,"Shot","Miss","",NA,"mars",15.1327459504216,-0.132551532296674,-7.59464336859144,4,0,0,11,11,72.3377696908299
"594",21,"1st Quarter",3,40,37,23,"Shot","Miss","",NA,"mars",8.48528137423857,0.785398163397448,45,16,0,0,10,10,171.876507626242
"595",30,"1st Quarter",5,56,29,20,"Shot","Miss","",NA,"mars",3.60555127546399,-0.588002603547568,-33.6900675259798,5,0,0,9,9,102.860229920792
"596",86,"1st Quarter",16,268,36,16,"Shot","Miss","",NA,"mars",5.09901951359278,-1.37340076694502,-78.6900675259798,14,0,0,10,10,146.38243507615
"597",115,"1st Quarter",21,341,29,19,"Shot","Miss","",NA,"mars",2.82842712474619,-0.785398163397448,-45,9,0,0,9,9,127.394477587029
"598",141,"1st Quarter",27,451,12,27,"Shot","Miss","",NA,"mars",21.4709105535839,-1.08631839775787,-62.24145939894,4,0,0,6,6,86.1797389211749
"599",152,"1st Quarter",30,494,34,20,"Shot","Score","",NA,"mars",4.24264068711928,0.785398163397448,45,6,2,1,10,10.2,93.5791396925831
"600",165,"1st Quarter",32,520,38,22,"Shot","Miss","",NA,"mars",8.60232526704263,0.950546840812075,54.4623222080256,10,0,0,10,10,112.510205250506
"601",187,"1st Quarter",35,576,48,32,"Shot","Miss","",NA,"mars",22.6715680975093,0.847816973393406,48.5763343749974,3,0,0,5,5,39.938958842871
"602",199,"1st Quarter",37,602,41,25,"Shot","Miss","",NA,"mars",12.8062484748657,0.896055384571344,51.3401917459099,9,0,0,5,5,91.3678930388759
"603",221,"1st Quarter",42,722,35,18,"Shot","Score","",NA,"mars",4.12310562561766,1.32581766366803,75.9637565320735,7,2,1,10,10.2,68.1223860840736
"604",231,"1st Quarter",44,746,33,20,"Shot","Score","Foul",NA,"mars",3.60555127546399,0.588002603547568,33.6900675259798,7,2,1,9,9.2,83.8844481804833
"605",249,"1st Quarter",46,795,38,18,"Shot","Miss","",NA,"mars",7.07106781186548,1.42889927219073,81.869897645844,13,0,0,10,10,143.077043894764
"606",274,"1st Quarter",49,907,35,21,"Shot","Miss","",NA,"mars",5.65685424949238,0.785398163397448,45,10,0,0,10,10,126.285656394912
"607",286,"1st Quarter",53,954,32,18,"Shot","Score","",NA,"mars",1.4142135623731,0.785398163397448,45,9,2,1,9,9.2,105.209362590163
"608",316,"2nd Quarter",57,18,36,16,"Shot","Foul","",NA,"mars",5.09901951359278,-1.37340076694502,-78.6900675259798,10,1,0,10,10.1,94.4359530707654
"609",330,"2nd Quarter",58,47,36,33,"Shot","Miss","",NA,"mars",16.7630546142402,0.302884868374971,17.3540246362613,9,0,0,11,11,79.3562604725997
"610",345,"2nd Quarter",59,62,35,19,"Shot","Miss","",NA,"mars",4.47213595499958,1.10714871779409,63.434948822922,14,0,0,10,10,134.557631261371
"611",371,"2nd Quarter",65,125,33,38,"Shot","Miss","",NA,"mars",21.095023109729,0.0949517063427563,5.44033203100551,12,0,0,11,11,128.31045785363
"612",396,"2nd Quarter",72,334,42,22,"Shot","Miss","",NA,"mars",12.0830459735946,1.14416883366802,65.5560452195835,7,0,0,5,5,108.605343422269
"613",398,"2nd Quarter",74,349,16,30,"Shot","Miss","",NA,"mars",19.8494332412792,-0.856705628182739,-49.0856167799749,1,0,0,6,6,21.5870331449229
"614",420,"2nd Quarter",77,402,11,20,"Shot","Miss","",NA,"mars",20.2237484161567,-1.4219063791854,-81.4692343900519,18,0,0,4,4,189.895154571259
"615",451,"2nd Quarter",80,556,34,38,"Shot","Score","",NA,"mars",21.2132034355964,0.141897054604164,8.13010235415598,14,2,1,11,11.2,100.794822128258
"616",496,"2nd Quarter",90,757,30,38,"Shot","Miss","",NA,"mars",21.0237960416286,-0.0475831032769834,-2.72631099390627,22,0,0,11,11,210.782689927257
"617",507,"2nd Quarter",92,801,33,20,"Shot","Miss","",NA,"mars",3.60555127546399,0.588002603547568,33.6900675259798,10,0,0,9,9,133.277906647265
"618",511,"2nd Quarter",94,836,14,15,"Shot","Miss","",NA,"mars",17.1172427686237,1.45368758222803,83.2901631922431,3,0,0,10,10,21.4621186047771
"619",537,"2nd Quarter",99,900,32,36,"Shot","Miss","",NA,"mars",19.0262975904404,0.0525830616109417,3.01278750418334,19,0,0,11,11,191.192350331472
"620",581,"2nd Quarter",104,1017,31,36,"Shot","Miss","",NA,"mars",19,0,0,5,0,0,11,11,53.3426257709306
"621",583,"2nd Quarter",105,1047,12,22,"Shot","Miss","",NA,"mars",19.6468827043885,-1.31347261182381,-75.2564371635293,1,0,0,4,4,14.7648230602334
"622",623,"2nd Quarter",110,1153,11,14,"Shot","Miss","",NA,"mars",20.2237484161567,1.4219063791854,81.4692343900519,14,0,0,10,10,176.192039634087
"623",630,"2nd Quarter",111,1164,28,18,"Shot","Foul","",NA,"mars",3.16227766016838,-1.24904577239825,-71.565051177078,9,1,0,9,9.1,39.0223921800225
"624",650,"2nd Quarter",115,1275,30,18,"Shot","Miss","",NA,"mars",1.4142135623731,-0.785398163397448,-45,13,0,0,9,9,139.048472830109
"625",652,"2nd Quarter",116,1279,50,24,"Shot","Score","",NA,"mars",20.2484567313166,1.21780593896799,69.7751405688319,0,2,1,3,3.2,27.6586333718787
"626",676,"3rd Quarter",119,24,23,37,"Shot","Miss","",NA,"mars",21.540659228538,-0.380506377112365,-21.8014094863518,15,0,0,11,11,163.402617564799
"627",693,"3rd Quarter",122,55,32,18,"Shot","Score","",NA,"mars",1.4142135623731,0.785398163397448,45,13,2,1,9,9.2,121.683199475843
"628",732,"3rd Quarter",126,147,33,24,"Shot","Miss","",NA,"mars",7.28010988928052,0.278299659005111,15.9453959009229,15,0,0,10,10,158.911293095482
"629",737,"3rd Quarter",128,156,29,20,"Shot","Score","",NA,"mars",3.60555127546399,-0.588002603547568,-33.6900675259798,3,2,1,9,9.2,39.9699647988022
"630",759,"3rd Quarter",132,249,27,33,"Shot","Score","",NA,"mars",16.4924225024706,-0.244978663126864,-14.0362434679265,16,2,1,11,11.2,150.645151147339
"631",793,"3rd Quarter",136,302,51,22,"Shot","Miss","",NA,"mars",20.6155281280883,1.32581766366803,75.9637565320735,12,0,0,3,3,121.582137497898
"632",854,"3rd Quarter",146,629,29,17,"Shot","Score","",NA,"mars",2,-1.5707963267949,-90,7,2,1,9,9.2,104.198240074372
"633",873,"3rd Quarter",148,659,47,32,"Shot","Miss","",NA,"mars",21.9317121994613,0.817645045832702,46.8476102659946,16,0,0,5,5,165.455447939717
"634",888,"3rd Quarter",150,715,30,17,"Shot","Score","",NA,"mars",1,-1.5707963267949,-90,9,2,1,9,9.2,116.726014716033
"635",904,"3rd Quarter",152,746,53,17,"Shot","Miss","",NA,"mars",22,1.5707963267949,90,11,0,0,3,3,123.542132248209
"636",908,"3rd Quarter",153,776,30,18,"Shot","Miss","",NA,"mars",1.4142135623731,-0.785398163397448,-45,3,0,0,9,9,29.7233060055253
"637",918,"3rd Quarter",155,849,9,18,"Shot","Miss","",NA,"mars",22.0227155455452,-1.52537304737332,-87.3974377975002,8,0,0,4,4,127.729867210599
"638",928,"3rd Quarter",156,862,26,38,"Shot","Miss","",NA,"mars",21.5870331449229,-0.233743180868901,-13.3924977537511,10,0,0,11,11,59.5994264608995
"639",954,"3rd Quarter",158,901,24,37,"Shot","Miss","",NA,"mars",21.1896201004171,-0.336674819386727,-19.2900462191887,13,0,0,11,11,96.1737748284848
"640",960,"3rd Quarter",161,927,51,31,"Shot","Miss","",NA,"mars",24.4131112314674,0.960070362405688,55.0079798014413,5,0,0,7,7,84.9820294411841
"641",993,"3rd Quarter",166,1002,51,18,"Shot","Miss","",NA,"mars",20.0249843945008,1.52083793107295,87.1375947738883,2,0,0,3,3,33.2415402771893
"642",1011,"3rd Quarter",168,1029,35,19,"Shot","Score","",NA,"mars",4.47213595499958,1.10714871779409,63.434948822922,16,2,1,10,10.2,159.954893972245
"643",1036,"4th Quarter",174,47,34,20,"Shot","Miss","",NA,"mars",4.24264068711928,0.785398163397448,45,16,0,0,10,10,207.745397412519
"644",1052,"4th Quarter",180,85,35,19,"Shot","Foul","",NA,"mars",4.47213595499958,1.10714871779409,63.434948822922,7,1,0,10,10.1,108.9621398188
"645",1080,"4th Quarter",182,151,34,18,"Shot","Score","",NA,"mars",3.16227766016838,1.24904577239825,71.565051177078,17,2,1,9,9.2,194.791511504823
"646",1092,"4th Quarter",184,172,31,17,"Shot","Miss","",NA,"mars",0,0,0,6,0,0,9,9,100.270100730095
"647",1114,"4th Quarter",188,241,34,21,"Shot","Miss","",NA,"mars",5,0.643501108793284,36.869897645844,9,0,0,10,10,107.527721623771
"648",1125,"4th Quarter",190,279,32,32,"Shot","Score","",NA,"mars",15.0332963783729,0.0665681637758238,3.81407483429035,9,2,1,11,11.2,117.252060642775
"649",1141,"4th Quarter",193,322,33,17,"Shot","Miss","",NA,"mars",2,1.5707963267949,90,13,0,0,9,9,122.979404221567
"650",1157,"4th Quarter",196,393,32,20,"Shot","Score","",NA,"mars",3.16227766016838,0.321750554396642,18.434948822922,13,2,1,9,9.2,142.586496818063
"651",1171,"4th Quarter",198,427,33,18,"Shot","Miss","",NA,"mars",2.23606797749979,1.10714871779409,63.434948822922,8,0,0,9,9,102.041277925451
"652",1183,"4th Quarter",200,444,35,20,"Shot","Score","",NA,"mars",5,0.927295218001612,53.130102354156,6,2,1,10,10.2,117.129583468385
"653",1207,"4th Quarter",203,519,14,30,"Shot","Miss","",NA,"mars",21.4009345590327,-0.917949695694122,-52.5946433685914,16,0,0,6,6,180.835913940022
"654",1225,"4th Quarter",205,545,23,38,"Shot","TO","",NA,"mars",22.4722050542442,-0.363978956509644,-20.8544580395783,15,1,0,11,11.1,170.948472042388
"655",1246,"4th Quarter",207,599,33,21,"Shot","Miss","Foul",NA,"mars",4.47213595499958,0.463647609000806,26.565051177078,19,0,0,10,10,192.460161063955
"656",1260,"4th Quarter",209,700,33,20,"Shot","Miss","",NA,"mars",3.60555127546399,0.588002603547568,33.6900675259798,11,0,0,9,9,93.9725161823754
"657",1282,"4th Quarter",211,733,28,19,"Shot","Score","",NA,"mars",3.60555127546399,-0.982793723247329,-56.3099324740202,17,2,1,9,9.2,208.675506280196
"658",1302,"4th Quarter",213,779,13,32,"Shot","Miss","",NA,"mars",23.43074902772,-0.876058050598193,-50.1944289077348,13,0,0,6,6,141.958141432592
"659",1321,"4th Quarter",216,850,15,29,"Shot","Score","",NA,"mars",20,-0.927295218001612,-53.130102354156,16,2,1,6,6.2,146.825059805965
"660",1351,"4th Quarter",225,1008,36,19,"Shot","Score","",NA,"mars",5.3851648071345,1.19028994968253,68.1985905136482,7,2,1,10,10.2,120.672394365789
"661",1358,"4th Quarter",227,1033,24,37,"Shot","Score","",NA,"mars",21.1896201004171,-0.336674819386727,-19.2900462191887,4,2,1,11,11.2,61.7016318843167
"662",1363,"4th Quarter",229,1064,15,30,"Shot","Miss","",NA,"mars",20.6155281280883,-0.888479771920149,-50.9061411137705,4,0,0,6,6,69.1435342882031
"663",1365,"4th Quarter",230,1069,34,19,"Shot","Score","",NA,"mars",3.60555127546399,0.982793723247329,56.3099324740202,2,2,1,9,9.2,2.23606797749979
